Rank,Name,Park,Location,Supplier,Year,Awarded,Type,Design,Status,Opened,City,Region,Country,Make,Length (ft),Height (ft),Speed (mph),Inversions,Elements,Drop (ft),Duration,G-Force,Vertical Angle (°),Uphill Length (ft),Downhill Length (ft),Δ Elevation (ft),Airtime Points,Crossings,Bank Angle (°),Drop,Designer
1,Phoenix,Knoebels Amusement Resort,"Elysburg, Pennsylvania",DinnPTC/Shmeck,1985,2022,Wood,Sit Down,Operating,6/15/1985,Elysburg,Pennsylvania,United States,"Philadelphia Toboggan Coasters, Inc.","3,200.00",78.00,45.00,0.00,"['Tunnel', 'Chain Lift Hill']",72.00,2:00,,,,,,,,,,
2,Voyage,Holiday World,"Santa Claus, Indiana",The Gravity Group,2006,2022,Wood,Sit Down,Operating,5/6/2006,Santa Claus,Indiana,United States,,"6,442.00",159.00,67.00,0.00,"['Chain Lift Hill', 'Hill', 'Hill']",154.00,2:45,,66,,,,,,,,
3,El Toro,Six Flags Great Adventure,"Jackson, New Jersey",Intamin,2006,2022,Wood,Sit Down,Operating,6/12/2006,Jackson,New Jersey,United States,Intamin Amusement Rides,"4,400.00",181.00,70.00,0.00,"['Cable Lift Hill', 'Hill', 'Hill', 'Hill']",176.00,1:42,,76,,,,,,,,
4,Boulder Dash,Lake Compounce,"Bristol, Connecticut",Custom Coasters Int.,2000,2022,Wood,Sit Down,Operating,5/21/2000,Bristol,Connecticut,United States,"Custom Coasters International, Inc.","4,725.00",,60.00,0.00,,115.00,2:30,,,,,,,,,,
5,Beast,Kings Island,"Mason, Ohio",KECO,1979,2022,Wood,Sit Down,Operating,4/14/1979,Mason,Ohio,United States,,"7,361.00",110.00,64.80,0.00,"['Chain Lift Hill', 'Tunnel', 'Tunnel', 'Chain Lift Hill', 'Tunnel', 'Helix']",141.00,4:10,,,,,,,,,,
6,Mystic Timbers,Kings Island,"Mason, Ohio",Great Coasters Int.,2017,2022,Wood,Sit Down,Operating,4/15/2017,Mason,Ohio,United States,Great Coasters International,"3,265.00",109.20,53.00,0.00,"['Chain Lift Hill', 'Tunnel']",,,,,,,,,,,,
9,Outlaw Run,Silver Dollar City,"Branson, Missouri",Rocky Mountain Const.,2013,2022,Wood,Sit Down,Operating,3/15/2013,Branson,Missouri,United States,Rocky Mountain Construction,"2,937.00",107.00,68.00,3.00,"['Chain Lift Hill', 'Over-Banked Inversion', 'Double Heartline Roll']",162.00,1:27,,81,,,,,,,,
10,Thunderhead,Dollywood,"Pigeon Forge, Tennessee",Great Coasters Int.,2004,2022,Wood,Sit Down,Operating,4/3/2004,Pigeon Forge,Tennessee,United States,Great Coasters International,"3,230.00",100.40,53.70,0.00,['Chain Lift Hill'],100.00,,,,,,,,,,,
12,Jack Rabbit,Kennywood,"West Mifflin, Pennsylvania",Miller,1920,2022,Wood,Sit Down,Operating,1920,West Mifflin,Pennsylvania,United States,,"2,132.00",40.00,45.00,0.00,"['Chain Lift Hill', 'Double Dip']",70.00,1:36,,45,,,,,,,,
15,Wildfire,Kolmården,"Norrköping, Sweden",Rocky Mountain Const.,2016,2022,Wood,Sit Down,Operating,6/28/2016,Norrköping,Östergötland,Sweden,Rocky Mountain Construction,"4,150.30",183.80,71.50,3.00,"['Chain Lift Hill', 'Zero-G Stall', 'Heartline Roll', 'Heartline Roll']",160.80,2:00,4,83,,,,,,,,
16,Troy,Toverland,"Sevenum, Netherlands",Great Coasters Int.,2007,2022,Wood,Sit Down,Operating,6/29/2007,Sevenum,Limburg,Netherlands,Great Coasters International,"3,534.00",104.50,54.00,0.00,['Chain Lift Hill'],100.70,1:50,2.4,,,,,,,,,
18,Balder,Liseberg,"Gothenberg, Sweden",Intamin,2003,2022,Wood,Sit Down,Operating,4/12/2003,Gothenburg,Västra Götaland,Sweden,Intamin Amusement Rides,"3,510.50",118.10,55.90,0.00,"['Chain Lift Hill', 'Tunnel', 'Tunnel']",,2:08,,70,,,,,,,,
20,Thunderbolt,Kennywood,"West Mifflin, Pennsylvania",Vettel/Miller,1968,2022,Wood,Sit Down,Operating,5/4/1924,West Mifflin,Pennsylvania,United States,,"3,250.00",70.00,55.00,0.00,['Chain Lift Hill'],90.00,1:41,,,,,,,,,,
21,Boardwalk Bullet,Kemah Boardwalk,"Kemah, Texas",The Gravity Group/M&V,2007,2022,Wood,Sit Down,Operating,8/31/2007,Kemah,Texas,United States,Martin & Vleminckx,"3,236.00",96.00,51.00,0.00,,92.00,,,56,,,,,,,,
22,Legend,Holiday World,"Santa Claus, Indiana",Custom Coasters Int.,2000,2022,Wood,Sit Down,Operating,5/6/2000,Santa Claus,Indiana,United States,"Custom Coasters International, Inc.","4,042.00",99.00,59.00,0.00,"['Chain Lift Hill', 'Hill', 'Hill', 'Tunnel', 'Tunnel', 'Tunnel', 'Helix', 'Double Down', 'Tunnel']",113.00,2:00,,,,,,,,,,
24,Raven,Holiday World,"Santa Claus, Indiana",Custom Coasters Int.,1995,2022,Wood,Sit Down,Operating,5/6/1995,Santa Claus,Indiana,United States,"Custom Coasters International, Inc.","2,800.00",80.00,48.00,0.00,['Chain Lift Hill'],85.00,1:30,,,,,,,,,,
26,Goliath,Six Flags Great America,"Gurnee, Illinois",Rocky Mountain Const.,2014,2022,Wood,Sit Down,Operating,6/19/2014,Gurnee,Illinois,United States,Rocky Mountain Construction,"3,100.00",165.00,72.00,2.00,"['Chain Lift Hill', 'Tunnel', 'Over-Banked Curve', 'Dive Loop', 'Zero-G Stall', 'Tunnel']",180.00,,,85,,,,,,,,
27,Texas Stingray,SeaWorld San Antonio,"San Antonio, Texas",Great Coasters Int.,2020,2022,Wood,Sit Down,Operating,2/22/2020,San Antonio,Texas,United States,Great Coasters International,"3,379.00",96.00,55.00,0.00,"['Chain Lift Hill', 'Tunnel']",100.00,,,,,,,,,,,
28,Flying Turns,Knoebels Amusement Resort,"Elysburg, Pennsylvania",Fetterman,2014,2022,Wood,Bobsled,Operating,10/5/2013,Elysburg,Pennsylvania,United States,,"1,300.00",50.00,24.00,0.00,"['Chain Lift Hill', 'Chain Lift Hill', 'Chain Lift Hill', 'Chain Lift Hill']",,,,,,,,,,,,
30,Prowler,Worlds of Fun,"Kansas City, Missouri",Great Coasters Int.,2009,2022,Wood,Sit Down,Operating,5/2/2009,Kansas City,Missouri,United States,Great Coasters International,"3,074.00",102.30,51.20,0.00,['Chain Lift Hill'],84.90,2:30,,,,,,,,,,
31,Giant Dipper,Santa Cruz Beach Boardwalk,"Santa Cruz, California",Prior & Church/Looff,1924,2022,Wood,Sit Down,Operating,5/17/1924,Santa Cruz,California,United States,,"2,640.00",70.00,55.00,0.00,,65.00,1:52,,,,,,,,,,
31,Twister,Knoebels Amusement Resort,"Elysburg, Pennsylvania",Fetterman,1999,2022,Wood,Sit Down,Operating,7/24/1999,Elysburg,Pennsylvania,United States,,"3,900.00",101.60,51.50,0.00,"['Chain Lift Hill', 'Chain Lift Hill']",89.60,2:10,,,,,,,,,,
33,Racer,Kennywood,"West Mifflin, Pennsylvania",Miller,1927,2022,Wood,Sit Down,Operating,1927,West Mifflin,Pennsylvania,United States,,"4,500.00",72.50,40.00,0.00,"['Chain Lift Hill', 'Chain Lift Hill']",50.00,1:32,,,,,,,,,,
33,Racer,Kennywood,"West Mifflin, Pennsylvania",Miller,1927,2022,Wood,Sit Down,Removed,1910,West Mifflin,Pennsylvania,United States,,,,,0.00,,,,,,,,,,,,,
39,T Express,Everland,"Yonjinsi, South Korea",Intamin,2008,2022,Wood,Sit Down,Operating,3/14/2008,Yongin-si,Gyeonggi-do,South Korea,Intamin Amusement Rides,"5,383.80",183.80,64.60,0.00,['Cable Lift Hill'],150.90,,,77,,,,,,,,
41,Blue Streak,Cedar Point,"Sandusky, Ohio",Hoover,1964,2022,Wood,Sit Down,Operating,5/23/1964,Sandusky,Ohio,United States,"Philadelphia Toboggan Coasters, Inc.","2,558.00",78.00,40.00,0.00,['Chain Lift Hill'],72.00,1:45,,45,,,,,,,,
43,Boss,Six Flags St. Louis,"Eureka, Missouri",Custom Coasters Int.,2000,2022,Wood,Sit Down,Operating,4/29/2000,Eureka,Missouri,United States,"Custom Coasters International, Inc.","4,631.00",122.00,66.30,0.00,['Chain Lift Hill'],150.00,,,52,,,,,,,,
44,Cornball Express,Indiana Beach,"Monticello, Indiana",Custom Coasters Int.,1999,2022,Wood,Sit Down,Operating,5/18/2001,Monticello,Indiana,United States,"Custom Coasters International, Inc.","2,100.00",55.00,45.00,0.00,,,,,,,,,,,,,
45,InvadR,Busch Gardens Williamsburg,"Williamsburg, Virginia",Great Coasters Int.,2017,2022,Wood,Sit Down,Operating,4/7/2017,Williamsburg,Virginia,United States,Great Coasters International,"2,118.00",,48.00,0.00,,74.00,,,,,,,,,,,
49,American Thunder,Six Flags St. Louis,"Eureka, Missouri",Great Coasters Int.,2008,2022,Wood,Sit Down,Operating,6/20/2008,Eureka,Missouri,United States,Great Coasters International,"2,713.00",82.00,48.00,0.00,['Chain Lift Hill'],80.00,,,,,,,,,,,
2,Voyage,Holiday World,"Santa Claus, Indiana",The Gravity Group,2006,2023,Wood,Sit Down,Operating,5/6/2006,Santa Claus,Indiana,United States,,"6,442.00",159.00,67.00,0.00,"['Chain Lift Hill', 'Hill', 'Hill']",154.00,2:45,,66,,,,,,,,
3,El Toro,Six Flags Great Adventure,"Jackson, New Jersey",Intamin,2006,2023,Wood,Sit Down,Operating,6/12/2006,Jackson,New Jersey,United States,Intamin Amusement Rides,"4,400.00",181.00,70.00,0.00,"['Cable Lift Hill', 'Hill', 'Hill', 'Hill']",176.00,1:42,,76,,,,,,,,
4,Thunderhead,Dollywood,"Pigeon Forge, Tennessee",Great Coasters Int.,2004,2023,Wood,Sit Down,Operating,4/3/2004,Pigeon Forge,Tennessee,United States,Great Coasters International,"3,230.00",100.40,53.70,0.00,['Chain Lift Hill'],100.00,,,,,,,,,,,
5,Boulder Dash,Lake Compounce,"Bristol, Connecticut",Custom Consters Int.,2000,2023,Wood,Sit Down,Operating,5/21/2000,Bristol,Connecticut,United States,"Custom Coasters International, Inc.","4,725.00",,60.00,0.00,,115.00,2:30,,,,,,,,,,
6,Beast,Kings Island,"Mason, Ohio",KECO,1979,2023,Wood,Sit Down,Operating,4/14/1979,Mason,Ohio,United States,,"7,361.00",110.00,64.80,0.00,"['Chain Lift Hill', 'Tunnel', 'Tunnel', 'Chain Lift Hill', 'Tunnel', 'Helix']",141.00,4:10,,,,,,,,,,
7,Mystic Timbers,Kings Island,"Mason, Ohio",Great Coasters Int.,2017,2023,Wood,Sit Down,Operating,4/15/2017,Mason,Ohio,United States,Great Coasters International,"3,265.00",109.20,53.00,0.00,"['Chain Lift Hill', 'Tunnel']",,,,,,,,,,,,
10,Outlaw Run,Silver Dollar City,"Branson, Missouri",Rocky Mountain Const.,2013,2023,Wood,Sit Down,Operating,3/15/2013,Branson,Missouri,United States,Rocky Mountain Construction,"2,937.00",107.00,68.00,3.00,"['Chain Lift Hill', 'Over-Banked Inversion', 'Double Heartline Roll']",162.00,1:27,,81,,,,,,,,
11,Balder,Liseberg,"Gothenburg, Sweden",Intamin,2003,2023,Wood,Sit Down,Operating,4/12/2003,Gothenburg,Västra Götaland,Sweden,Intamin Amusement Rides,"3,510.50",118.10,55.90,0.00,"['Chain Lift Hill', 'Tunnel', 'Tunnel']",,2:08,,70,,,,,,,,
13,Wildfire,Kolmården,"Norrköping, Sweden",Rocky Mountain Const.,2016,2023,Wood,Sit Down,Operating,6/28/2016,Norrköping,Östergötland,Sweden,Rocky Mountain Construction,"4,150.30",183.80,71.50,3.00,"['Chain Lift Hill', 'Zero-G Stall', 'Heartline Roll', 'Heartline Roll']",160.80,2:00,4,83,,,,,,,,
15,Jack Rabbit,Kennywood,"West Mifflin, Pennsylvania",Miller,1920,2023,Wood,Sit Down,Operating,1920,West Mifflin,Pennsylvania,United States,,"2,132.00",40.00,45.00,0.00,"['Chain Lift Hill', 'Double Dip']",70.00,1:36,,45,,,,,,,,
16,Cyclone,Luna Park,"Brooklyn, New York",Baker/Keenan,1927,2023,Wood,Sit Down,Operating,6/26/1927,Brooklyn,New York,United States,,"2,850.30",75.00,60.00,0.00,,,1:50,,58.6,,,,,,,,
18,Thunderbolt,Kennywood,"West Mifflin, Pennsylvania",Vettel/Miller,1968,2023,Wood,Sit Down,Operating,5/4/1924,West Mifflin,Pennsylvania,United States,,"3,250.00",70.00,55.00,0.00,['Chain Lift Hill'],90.00,1:41,,,,,,,,,,
19,Troy,Toverland,"Sevenum, The Netherlands",Great Coasters Int.,2007,2023,Wood,Sit Down,Operating,6/29/2007,Sevenum,Limburg,Netherlands,Great Coasters International,"3,534.00",104.50,54.00,0.00,['Chain Lift Hill'],100.70,1:50,2.4,,,,,,,,,
21,Legend,Holiday World,"Santa Claus, Indiana",Custom Coasters Int.,2000,2023,Wood,Sit Down,Operating,5/6/2000,Santa Claus,Indiana,United States,"Custom Coasters International, Inc.","4,042.00",99.00,59.00,0.00,"['Chain Lift Hill', 'Hill', 'Hill', 'Tunnel', 'Tunnel', 'Tunnel', 'Helix', 'Double Down', 'Tunnel']",113.00,2:00,,,,,,,,,,
24,Prowler,Worlds of Fun,"Kansas City, Missouri",Great Coasters Int.,2009,2023,Wood,Sit Down,Operating,5/2/2009,Kansas City,Missouri,United States,Great Coasters International,"3,074.00",102.30,51.20,0.00,['Chain Lift Hill'],84.90,2:30,,,,,,,,,,
25,Comet,Six Flags Great Escape,"Queensbury, New York",PTC/Shmeck,1994,2023,Wood,Sit Down,Operating,6/25/1994,Queensbury,New York,United States,"Philadelphia Toboggan Coasters, Inc.","4,197.00",95.00,55.00,0.00,['Chain Lift Hill'],87.00,2:00,,,,,,,,,,
26,Raven,Holiday World,"Santa Claus, Indiana",Custom Coasters Int.,1995,2023,Wood,Sit Down,Operating,5/6/1995,Santa Claus,Indiana,United States,"Custom Coasters International, Inc.","2,800.00",80.00,48.00,0.00,['Chain Lift Hill'],85.00,1:30,,,,,,,,,,
29,Giant Dipper,Santa Cruz Beach Boardwalk,"Santa Cruz, California",Prior & Church/Looff,1924,2023,Wood,Sit Down,Operating,5/17/1924,Santa Cruz,California,United States,,"2,640.00",70.00,55.00,0.00,,65.00,1:52,,,,,,,,,,
30,Boardwalk Bullet,Kemah Boardwalk,"Kemah, Texas",The Gravity Group/M&V,2007,2023,Wood,Sit Down,Operating,8/31/2007,Kemah,Texas,United States,Martin & Vleminckx,"3,236.00",96.00,51.00,0.00,,92.00,,,56,,,,,,,,
32,Goliath,Six Flags Great America,"Gurnee, Illinois",Rocky Mountain Const.,2014,2023,Wood,Sit Down,Operating,6/19/2014,Gurnee,Illinois,United States,Rocky Mountain Construction,"3,100.00",165.00,72.00,2.00,"['Chain Lift Hill', 'Tunnel', 'Over-Banked Curve', 'Dive Loop', 'Zero-G Stall', 'Tunnel']",180.00,,,85,,,,,,,,
33,Texas Stingray,SeaWorld San Antonio,"San Antonio, Texas",Great Coasters Int.,2020,2023,Wood,Sit Down,Operating,2/22/2020,San Antonio,Texas,United States,Great Coasters International,"3,379.00",96.00,55.00,0.00,"['Chain Lift Hill', 'Tunnel']",100.00,,,,,,,,,,,
34,White Lightning,Fun Spot America,"Orlando, Florida",Great Coasters Int.,2013,2023,Wood,Sit Down,Operating,13-May,Orlando,Florida,United States,Great Coasters International,"2,032.00",69.70,44.30,0.00,['Chain Lift Hill'],67.20,1:15,,,,,,,,,,
36,Cú Chulainn,Emerald Park,"Ashbourne, Ireland",The Gravity Group,2015,2023,Wood,Sit Down,Operating,6/6/2015,Ashbourne,Meath,Ireland,Gravitykraft Corporation,"3,590.00",105.00,56.00,0.00,"['Chain Lift Hill', 'Tunnel', 'Over-Banked Curve', 'Tunnel']",105.80,2:45,,65,,,,19,,,,
38,T Express,Everland,"Youjinsi, South Korea",Intamin,2008,2023,Wood,Sit Down,Operating,3/14/2008,Yongin-si,Gyeonggi-do,South Korea,Intamin Amusement Rides,"5,383.80",183.80,64.60,0.00,['Cable Lift Hill'],150.90,,,77,,,,,,,,
39,Boss,Six Flags St. Louis,"Eureka, Missouri",Custom Coasters Int.,2000,2023,Wood,Sit Down,Operating,4/29/2000,Eureka,Missouri,United States,"Custom Coasters International, Inc.","4,631.00",122.00,66.30,0.00,['Chain Lift Hill'],150.00,,,52,,,,,,,,
41,Racer,Kennywood,"West Mifflin, Pennsylvania",Miller,1927,2023,Wood,Sit Down,Operating,1927,West Mifflin,Pennsylvania,United States,,"4,500.00",72.50,40.00,0.00,"['Chain Lift Hill', 'Chain Lift Hill']",50.00,1:32,,,,,,,,,,
41,Racer,Kennywood,"West Mifflin, Pennsylvania",Miller,1927,2023,Wood,Sit Down,Removed,1910,West Mifflin,Pennsylvania,United States,,,,,0.00,,,,,,,,,,,,,
42,Cornball Express,Indiana Beach,"Monticello, Indiana",Custom Coasters Int.,1999,2023,Wood,Sit Down,Operating,5/18/2001,Monticello,Indiana,United States,"Custom Coasters International, Inc.","2,100.00",55.00,45.00,0.00,,,,,,,,,,,,,
42,Grizzly,Kings Dominion,"Doswell, Virginia",KECO,1982,2023,Wood,Sit Down,Operating,3/27/1982,Doswell,Virginia,United States,,"3,150.00",87.00,,0.00,['Chain Lift Hill'],,2:30,,,,,,,,,,
45,InvadR,Busch Gardens Williamsburg,"Williamsburg, Virginia",Great Coasters Int.,2017,2023,Wood,Sit Down,Operating,4/7/2017,Williamsburg,Virginia,United States,Great Coasters International,"2,118.00",,48.00,0.00,,74.00,,,,,,,,,,,
45,Viper,Six Flags Great America,"Gurnee, Illinois",Starkey,1995,2023,Wood,Sit Down,Operating,4/29/1995,Gurnee,Illinois,United States,,"3,458.00",100.00,50.00,0.00,['Chain Lift Hill'],80.00,1:45,,53,,,,,,,,
47,Wicker Man,Alton Towers,"Staffordshire, England",Great Coasters Int.,2018,2023,Wood,Sit Down,Operating,3/20/2018,Staffordshire,England,United Kingdom,Great Coasters International,"2,608.30",,43.60,0.00,"['Tunnel', 'Chain Lift Hill', 'Tunnel', 'Tunnel']",72.20,3:30,,,,,,,,68,,
49,Comet,Hersheypark,"Hershey, Pennsylvania",PTC/Shmeck,1946,2023,Wood,Sit Down,Operating,5/30/1946,Hershey,Pennsylvania,United States,"Philadelphia Toboggan Coasters, Inc.","3,360.00",84.00,50.00,0.00,['Chain Lift Hill'],78.00,1:45,,,,,,,,,,
1,Fury 325,Carowinds,"Charlotte, North Carolina",B&M,2015,2021,Steel,Sit Down,Operating,3/28/2015,Charlotte,North Carolina,United States,Bolliger & Mabillard,"6,602.00",325.00,95.00,0.00,['Chain Lift Hill'],320.00,,,81,,,,,,,,
2,Millennium Force,Cedar Point,"Sandusky, Ohio",Intamin,2000,2021,Steel,Sit Down,Operating,5/13/2000,Sandusky,Ohio,United States,Intamin Amusement Rides,"6,595.00",310.00,93.00,0.00,"['Cable Lift Hill', 'Over-Banked Curve', 'Tunnel', 'Hill', 'Over-Banked Curve', 'Over-Banked Curve', 'Hill', 'Tunnel', 'Over-Banked Curve']",300.00,2:20,,80,,,,,,,,
3,Steel Vengeance,Cedar Point,"Sandusky, Ohio",Rocky Mountain,2018,2021,Steel,Sit Down,Operating,5/5/2018,Sandusky,Ohio,United States,Rocky Mountain Construction,"5,740.00",205.00,74.00,4.00,"['Chain Lift Hill', 'Outward Banked Airtime Hill', 'Zero-G Roll (variant)', 'Zero-G Stall', 'Block Brake', 'Zero-G Roll', 'Zero-G Roll', 'Over-Banked Curve']",200.00,2:30,,90,,,,,,,,
5,Candymonium,Hersheypark,"Hershey, Pennsylvania",B&M,2020,2021,Steel,Sit Down,Operating,7/3/2020,Hershey,Pennsylvania,United States,Bolliger & Mabillard,"4,636.00",210.00,76.00,0.00,"['Chain Lift Hill', 'Hill', 'Hill']",,2:26,,77.3,,,,7,,,,
6,Expedition GeForce,Holiday Park,"Hassloch, Germany",Intamin,2001,2021,Steel,Sit Down,Operating,6/18/2001,Hassloch,Rhineland-Palatinate,Germany,Intamin Amusement Rides,"4,002.60",173.90,74.60,0.00,"['Cable Lift Hill', 'Over-Banked Curve']",,1:15,4.5,82,,,,,,,,
7,Lightning Rod,Dollywood,"Pigeon Forge, Tennessee",Rocky Mountain,2016,2021,Steel,Sit Down,Operating,6/13/2016,Pigeon Forge,Tennessee,United States,Rocky Mountain Construction,"3,800.00",,73.00,0.00,['Chain Lift Hill'],165.00,,3.5,73,,,,,,,,
9,Maverick,Cedar Point,"Sandusky, Ohio",Intamin,2007,2021,Steel,Sit Down,Operating,5/26/2007,Sandusky,Ohio,United States,Intamin Amusement Rides,"4,450.00",105.00,70.00,2.00,"['LSM Lift Hill', 'Twisted Horseshoe Roll', 'Tunnel', 'LSM Launch (rolling)', 'Over-Banked Curve', 'Over-Banked Curve']",100.00,2:30,,95,,,,,,,,
10,Taron,Phantasialand,"Brühl, Germany",Intamin,2016,2021,Steel,Sit Down,Operating,6/30/2016,Brühl,North Rhine-Westphalia,Germany,Intamin Amusement Rides,"4,330.80",98.40,72.70,0.00,"['LSM Launch', 'LSM Boost']",,,,,,,,,,,,
12,Iron Rattler,Six Flags Fiesta Texas,"San Antonio, Texas",Rocky Mountain,2013,2021,Steel,Sit Down,Operating,5/25/2013,San Antonio,Texas,United States,Rocky Mountain Construction,"3,266.00",179.00,70.00,1.00,"['Chain Lift Hill', 'Over-Banked Curve', 'Over-Banked Curve', 'Zero-G Roll', 'Over-Banked Curve', 'Over-Banked Curve', 'Tunnel']",171.00,,,81,,,,,,,,
13,Intimidator 305,Kings Dominion,"Doswell, Virginia",Intamin,2010,2021,Steel,Sit Down,Operating,4/2/2010,Doswell,Virginia,United States,Intamin Amusement Rides,"5,100.00",305.00,90.00,0.00,['Cable Lift Hill'],300.00,3:00,,85,,,,,,,,
14,Nitro,Six Flags Great Adventure,"Jackson, New Jersey",B&M,2001,2021,Steel,Sit Down,Operating,4/7/2001,Jackson,New Jersey,United States,Bolliger & Mabillard,"5,394.00",230.00,80.00,0.00,"['Chain Lift Hill', 'Block Brake']",215.00,2:20,,,,,,,,,,
16,Twisted Colossus,Six Flags Magic Mountain,"Valencia, California",Rocky Mountain,2015,2021,Steel,Sit Down,Operating,5/23/2015,Valencia,California,United States,Rocky Mountain Construction,"4,990.00",121.00,57.00,2.00,"['Chain Lift Hill', 'High Five', 'Zero-G Roll', 'Chain Lift Hill', 'High Five', 'Top Gun Stall']",128.00,3:40,,80,,,,,,,,
17,Mako,SeaWorld Orlando,"Orlando, Florida",B&M,2016,2021,Steel,Sit Down,Operating,6/10/2016,Orlando,Florida,United States,Bolliger & Mabillard,"4,760.00",200.00,73.00,0.00,"['Chain Lift Hill', 'Block Brake']",200.00,,,,,,,,,,,
19,Diamondback,Kings Island,"Mason, Ohio",B&M,2009,2021,Steel,Sit Down,Operating,4/18/2009,Mason,Ohio,United States,Bolliger & Mabillard,"5,282.00",230.00,80.00,0.00,"['Chain Lift Hill', 'Hill', 'Hill', 'Hill', 'Hill', 'Hill', 'Splash Effect']",215.00,3:00,,74,,,,,,,,
21,Alpengeist,Busch Gardens Williamsburg,"Williamsburg, Virginia",B&M,1997,2021,Steel,Inverted,Operating,3/22/1997,Williamsburg,Virginia,United States,Bolliger & Mabillard,"3,828.00",195.00,67.00,6.00,"['Chain Lift Hill', 'Immelmann', 'Loop', 'Tunnel', 'Cobra Roll', 'Block Brake', 'Zero-G Roll', 'Corkscrew']",170.00,3:10,3.7,,,,,,,,,
22,Montu,Busch Gardens Tampa,"Tampa, Florida",B&M,1996,2021,Steel,Inverted,Operating,5/16/1996,Tampa,Florida,United States,Bolliger & Mabillard,"3,983.00",150.00,60.00,7.00,"['Chain Lift Hill', 'Loop', 'Immelmann', 'Zero-G Roll', 'Batwing', 'Block Brake', 'Loop', 'Corkscrew']",128.00,3:00,3.8,50,,,,,,,,
23,Intimidator,Carowinds,"Charlotte, North Carolina",B&M,2010,2021,Steel,Sit Down,Operating,3/27/2010,Charlotte,North Carolina,United States,Bolliger & Mabillard,"5,316.00",232.00,75.00,0.00,"['Chain Lift Hill', 'Hill', 'Hill', 'Hill', 'Hill', 'Hill', 'Hill', 'Hill']",211.00,3:33,,74,,,,,,,,
23,Steel Curtain,Kennywood,"West Mifflin, Pennsylvania",S&S,2019,2021,Steel,Sit Down,Operating,7/13/2019,West Mifflin,Pennsylvania,United States,S&S Worldwide,"4,000.00",220.00,75.00,8.00,"['Chain Lift Hill', 'Drachen Fire Dive Drop', 'Banana Roll', 'Sea Serpent', 'Dive Loop', 'Zero-G Stall', 'Corkscrew', 'Cutback']",,2:00,,,,,,,,,,
26,Time Traveler,Silver Dollar City,"Branson, Missouri",Mack,2018,2021,Steel,Sit Down,Operating,3/14/2018,Branson,Missouri,United States,Mack Rides GmbH & Co KG,"3,020.00",100.00,50.30,3.00,"['Dive Loop', 'LSM Launch', 'Loop', 'Zero-G Roll', 'LSM Boost']",90.00,1:57,,90,,,,,14,,,
26,X2,Six Flags Magic Mountain,"Valencia, California",Arrow,2002,2021,Steel,Wing,Operating,1/12/2002,Valencia,California,United States,Arrow Dynamics,"3,610.00",175.00,76.00,2.00,"['Chain Lift Hill', 'Inside Raven Turn', 'Fly To Lie', 'Outside Raven Turn', 'Fly To Lie']",215.00,,4,88.5,,,,,,,,
28,Goliath,Six Flags Over Georgia,"Austell, Georgia",B&M,2006,2021,Steel,Sit Down,Operating,4/1/2006,Austell,Georgia,United States,Bolliger & Mabillard,"4,480.00",200.00,70.00,0.00,"['Chain Lift Hill', 'Hill', 'Hill', 'Helix', 'Hill', 'Horseshoe', 'Hill', 'Hill', 'Hill']",175.00,,,,,,,,,,,
31,Orion,Kings Island,"Mason, Ohio",B&M,2020,2021,Steel,Sit Down,Operating,7/2/2020,Mason,Ohio,United States,Bolliger & Mabillard,"5,321.00",287.00,91.00,0.00,"['Chain Lift Hill', 'Hill', 'Hill', 'Hill', 'Hill', 'Hill', 'Hill', 'Hill']",300.00,3:00,,85,,,,,,,,
33,Skyrush,Hersheypark,"Hershey, Pennsylvania",Intamin,2012,2021,Steel,Sit Down,Operating,5/26/2012,Hershey,Pennsylvania,United States,Intamin Amusement Rides,"3,600.00",200.00,75.00,0.00,['Cable Lift Hill'],,,,85,,,,,,,,
35,Steel Dragon 2000,Nagashima Spa Land,"Nagashima, Japan",Morgan,2000,2021,Steel,Sit Down,Operating,8/1/2000,Kuwana,Mie,Japan,"D.H. Morgan Manufacturing, Inc.","8,133.20",318.20,95.00,0.00,"['Chain Lift Hill', 'Hill', 'Hill', 'Block Brake', 'Tunnel', 'Tunnel']",306.80,4:00,,68,,,,,,,,
36,New Texas Giant,Six Flags Over Texas,"Arlington, Texas",Rocky Mountain,2011,2021,Steel,Sit Down,Operating,4/22/2011,Arlington,Texas,United States,Rocky Mountain Construction,"4,200.00",153.00,65.00,0.00,"['Chain Lift Hill', 'Over-Banked Curve']",147.00,,,79,,,,,,,,
37,Banshee,Kings Island,"Mason, Ohio",B&M,2014,2021,Steel,Inverted,Operating,4/18/2014,Mason,Ohio,United States,Bolliger & Mabillard,"4,124.00",167.00,68.00,7.00,"['Chain Lift Hill', 'Dive Loop', 'Loop', 'Zero-G Roll', 'Pretzel Knot', 'Loop', 'In-Line Twist']",150.00,2:40,,,,,,,,,,
39,Twisted Timbers,Kings Dominion,"Doswell, Virginia",Rocky Mountain,2018,2021,Steel,Sit Down,Operating,3/24/2018,Doswell,Virginia,United States,Rocky Mountain Construction,"3,361.00",111.00,54.00,3.00,"['Chain Lift Hill', 'Barrel Roll Downdrop', 'Over-Banked Curve', 'Cutback', 'Zero-G Roll']",,,,,,,,,,,,
40,Helix,Liseberg,"Gothenburg, Sweden",Mack,2014,2021,Steel,Sit Down,Operating,4/26/2014,Gothenburg,Västra Götaland,Sweden,Mack Rides GmbH & Co KG,"4,530.80",134.50,62.10,7.00,"['Corkscrew', 'LSM Launch (rolling)', 'Corkscrew', 'Norwegian Loop', 'Zero-G Roll', 'LSM Boost', 'Top Hat - Inside', 'In-Line Twist']",,2:10,4.3,,,,,,,,,
41,Cheetah Hunt,Busch Gardens Tampa,"Tampa, Florida",Intamin,2011,2021,Steel,Sit Down,Operating,5/27/2011,Tampa,Florida,United States,Intamin Amusement Rides,"4,429.00",102.00,60.00,1.00,"['LSM Launch', 'LSM Boost', 'Windcatcher Tower', 'Heartline Roll', 'LSM Boost']",130.00,,4,,,,,,,,,
42,Black Mamba,Phantasialand,"Brϋhl, Germany",B&M,2006,2021,Steel,Inverted,Operating,5/24/2006,Brühl,North Rhine-Westphalia,Germany,Bolliger & Mabillard,"2,519.70",85.30,49.70,4.00,"['Chain Lift Hill', 'Loop', 'Zero-G Roll', 'Jr. Immelmann', 'Corkscrew', 'Corkscrew']",88.60,,4,,,,,,,,,
42,Wicked Cyclone,Six Flags New England,"Agawam, Massachusetts",Rocky Mountain,2015,2021,Steel,Sit Down,Operating,5/24/2015,Agawam,Massachusetts,United States,Rocky Mountain Construction,"3,320.00",109.00,55.00,3.00,"['Chain Lift Hill', 'Zero-G Stall', 'Zero-G Roll', 'Zero-G Roll']",,,,78,,,,,,,,
44,Raging Bull,Six Flags Great America,"Gurnee, Illinois",B&M,1999,2021,Steel,Sit Down,Operating,5/1/1999,Gurnee,Illinois,United States,Bolliger & Mabillard,"5,057.00",202.00,73.00,0.00,"['Chain Lift Hill', 'Block Brake']",208.00,2:30,,65,,,,,,,,
46,Jetline,Gröna Lund,"Stockholm, Sweden",Schwarzkopf,1988,2021,Steel,Sit Down,SBNO,4/23/1988,Stockholm,Stockholm,Sweden,Zierer,"2,624.70",105.00,55.90,0.00,"['Chain Lift Hill', 'Tunnel', 'Block Brake', 'Block Brake', 'Block Brake', 'Tunnel']",,1:30,4.5,80,,,,,,,,
47,Shock Wave,Six Flags Over Texas,"Arlington, Texas",Schwarzkopf,1978,2021,Steel,Sit Down,Operating,4/22/1978,Arlington,Texas,United States,Schwarzkopf,"3,600.00",116.00,60.00,2.00,"['Chain Lift Hill', 'Loop', 'Loop']",,2:00,,,,,,,,,,
48,Cannibal,Lagoon,"Farmington, Utah",ART Engineering,2015,2021,Steel,Sit Down,Operating,7/2/2015,Farmington,Utah,United States,ART Engineering GmbH,"2,735.00",208.00,70.00,3.00,"['Elevator Lift', 'Immelmann', 'Dive Loop', 'Over-Banked Curve', 'Block Brake', 'Lagoon Roll', 'Helix']",,2:30,,116,,,,,,,,
48,Raptor,Cedar Point,"Sandusky, Ohio",B&M,1994,2021,Steel,Inverted,Operating,5/7/1994,Sandusky,Ohio,United States,Bolliger & Mabillard,"3,790.00",137.00,57.00,6.00,"['Chain Lift Hill', 'Loop', 'Zero-G Roll', 'Cobra Roll', 'Block Brake', 'Corkscrew', 'Corkscrew']",119.00,2:16,,45,,,,,,,,
50,Lisebergbanan,Liseberg,"Gothenburg, Sweden",Schwarzkopf,1987,2021,Steel,Sit Down,Operating,4/18/1987,Gothenburg,Västra Götaland,Sweden,Zierer,"4,397.00",147.70,49.70,0.00,,,,3,36,,,,,,,,
2,Voyage,Holiday World,"Santa Claus, Ind.",The Gravity Group,,2019,Wood,Sit Down,Operating,5/6/2006,Santa Claus,Indiana,United States,,"6,442.00",159.00,67.00,0.00,"['Chain Lift Hill', 'Hill', 'Hill']",154.00,2:45,,66,,,,,,,,
3,El Toro,Six Flags Great Adventure,"Jackson, N.J.",Intamin,,2019,Wood,Sit Down,Operating,6/12/2006,Jackson,New Jersey,United States,Intamin Amusement Rides,"4,400.00",181.00,70.00,0.00,"['Cable Lift Hill', 'Hill', 'Hill', 'Hill']",176.00,1:42,,76,,,,,,,,
5,Beast,Kings Island,"Mason, Ohio",KECO,,2019,Wood,Sit Down,Operating,4/14/1979,Mason,Ohio,United States,,"7,361.00",110.00,64.80,0.00,"['Chain Lift Hill', 'Tunnel', 'Tunnel', 'Chain Lift Hill', 'Tunnel', 'Helix']",141.00,4:10,,,,,,,,,,
7,Lightning Rod,Dollywood,"Pigeon Forge, Tenn.",Rocky Mountain,,2019,Steel,Sit Down,Operating,6/13/2016,Pigeon Forge,Tennessee,United States,Rocky Mountain Construction,"3,800.00",,73.00,0.00,['Chain Lift Hill'],165.00,,3.5,73,,,,,,,,
8,Outlaw Run,Silver Dollar City,"Branson, Mo.",Rocky Mountain,,2019,Wood,Sit Down,Operating,3/15/2013,Branson,Missouri,United States,Rocky Mountain Construction,"2,937.00",107.00,68.00,3.00,"['Chain Lift Hill', 'Over-Banked Inversion', 'Double Heartline Roll']",162.00,1:27,,81,,,,,,,,
10,Mystic Timbers,Kings Island,"Mason, Ohio",Great Coasters Int.,,2019,Wood,Sit Down,Operating,4/15/2017,Mason,Ohio,United States,Great Coasters International,"3,265.00",109.20,53.00,0.00,"['Chain Lift Hill', 'Tunnel']",,,,,,,,,,,,
11,Thunderhead,Dollywood,"Pigeon Forge, Tenn.",Great Coasters Int.,,2019,Wood,Sit Down,Operating,4/3/2004,Pigeon Forge,Tennessee,United States,Great Coasters International,"3,230.00",100.40,53.70,0.00,['Chain Lift Hill'],100.00,,,,,,,,,,,
13,Balder,Liseberg,"Gothenburg, Sweden",Intamin,,2019,Wood,Sit Down,Operating,4/12/2003,Gothenburg,Västra Götaland,Sweden,Intamin Amusement Rides,"3,510.50",118.10,55.90,0.00,"['Chain Lift Hill', 'Tunnel', 'Tunnel']",,2:08,,70,,,,,,,,
16,Wildfire,Kolmården,"Norrköping, Sweden",Rocky Mountain,,2019,Wood,Sit Down,Operating,6/28/2016,Norrköping,Östergötland,Sweden,Rocky Mountain Construction,"4,150.30",183.80,71.50,3.00,"['Chain Lift Hill', 'Zero-G Stall', 'Heartline Roll', 'Heartline Roll']",160.80,2:00,4,83,,,,,,,,
17,Giant Dipper,Santa Cruz Beach Boardwalk,"Santa Cruz, Calif.",Prior & Church/Looff,,2019,Wood,Sit Down,Operating,5/17/1924,Santa Cruz,California,United States,,"2,640.00",70.00,55.00,0.00,,65.00,1:52,,,,,,,,,,
18,Thunderbolt,Kennywood,"West Mifflin, Pa.",Vettel/Miller,,2019,Wood,Sit Down,Operating,5/4/1924,West Mifflin,Pennsylvania,United States,,"3,250.00",70.00,55.00,0.00,['Chain Lift Hill'],90.00,1:41,,,,,,,,,,
20,Jack Rabbit,Kennywood,"West Mifflin, Pa.",Miller,,2019,Wood,Sit Down,Operating,1920,West Mifflin,Pennsylvania,United States,,"2,132.00",40.00,45.00,0.00,"['Chain Lift Hill', 'Double Dip']",70.00,1:36,,45,,,,,,,,
21,Raven,Holiday World,"Santa Claus, Ind.",Custom Coasters,,2019,Wood,Sit Down,Operating,5/6/1995,Santa Claus,Indiana,United States,"Custom Coasters International, Inc.","2,800.00",80.00,48.00,0.00,['Chain Lift Hill'],85.00,1:30,,,,,,,,,,
25,Troy,Toverland,"Sevenum, the Netherlands",Great Coasters Int.,,2019,Wood,Sit Down,Operating,6/29/2007,Sevenum,Limburg,Netherlands,Great Coasters International,"3,534.00",104.50,54.00,0.00,['Chain Lift Hill'],100.70,1:50,2.4,,,,,,,,,
26,Legend,Holiday World,"Santa Claus, Ind.",Custom Coasters,,2019,Wood,Sit Down,Operating,5/6/2000,Santa Claus,Indiana,United States,"Custom Coasters International, Inc.","4,042.00",99.00,59.00,0.00,"['Chain Lift Hill', 'Hill', 'Hill', 'Tunnel', 'Tunnel', 'Tunnel', 'Helix', 'Double Down', 'Tunnel']",113.00,2:00,,,,,,,,,,
27,Goliath,Six Flags Great America,"Gurnee, Ill.",Rocky Mountain,,2019,Wood,Sit Down,Operating,6/19/2014,Gurnee,Illinois,United States,Rocky Mountain Construction,"3,100.00",165.00,72.00,2.00,"['Chain Lift Hill', 'Tunnel', 'Over-Banked Curve', 'Dive Loop', 'Zero-G Stall', 'Tunnel']",180.00,,,85,,,,,,,,
29,Prowler,Worlds of Fun,"Kansas City, Mo.",Great Coasters Int.,,2019,Wood,Sit Down,Operating,5/2/2009,Kansas City,Missouri,United States,Great Coasters International,"3,074.00",102.30,51.20,0.00,['Chain Lift Hill'],84.90,2:30,,,,,,,,,,
31,Boardwalk Bullet,Kemah Boardwalk,"Kemah, Texas",The Gravity Group,,2019,Wood,Sit Down,Operating,8/31/2007,Kemah,Texas,United States,Martin & Vleminckx,"3,236.00",96.00,51.00,0.00,,92.00,,,56,,,,,,,,
36,Boss,Six Flags St. Louis,"Eureka, Mo.",Custom Coasters,,2019,Wood,Sit Down,Operating,4/29/2000,Eureka,Missouri,United States,"Custom Coasters International, Inc.","4,631.00",122.00,66.30,0.00,['Chain Lift Hill'],150.00,,,52,,,,,,,,
37,T Express,Everland,"Yonjinsi, South Korea",Intamin,,2019,Wood,Sit Down,Operating,3/14/2008,Yongin-si,Gyeonggi-do,South Korea,Intamin Amusement Rides,"5,383.80",183.80,64.60,0.00,['Cable Lift Hill'],150.90,,,77,,,,,,,,
38,Blue Streak,Cedar Point,"Sandusky, Ohio",PTC/Hoover,,2019,Wood,Sit Down,Operating,5/23/1964,Sandusky,Ohio,United States,"Philadelphia Toboggan Coasters, Inc.","2,558.00",78.00,40.00,0.00,['Chain Lift Hill'],72.00,1:45,,45,,,,,,,,
40,Blue Streak,Conneaut Lake Park,"Conneaut Lake, Pa.",Vettel /NAD,,2019,Wood,Sit Down,Removed,7/4/1938,Conneaut Lake,Pennsylvania,United States,,"2,900.00",78.00,,0.00,"['Tunnel', 'Chain Lift Hill']",,2:20,,,,,,,,,,
41,InvadR,Busch Gardens Williamsburg,"Williamsburg, Va.",Great Coasters Int.,,2019,Wood,Sit Down,Operating,4/7/2017,Williamsburg,Virginia,United States,Great Coasters International,"2,118.00",,48.00,0.00,,74.00,,,,,,,,,,,
47,El Toro,Freizeitpark Plohn,"Lengenfeld, Germany",Great Coasters Int.,,2019,Wood,Sit Down,Operating,4/10/2009,Lengenfeld,Saxony,Germany,Great Coasters International,"2,379.00",80.50,45.60,0.00,"['Tunnel', 'Tunnel']",70.70,,,,,,,,,,,
48,Twister,Gröna Lund,"Stockholm, Sweden",The Gravity Group,,2019,Wood,Sit Down,Operating,5/7/2011,Stockholm,Stockholm,Sweden,Gravitykraft Corporation,"1,544.00",51.00,38.00,0.00,['Chain Lift Hill'],46.00,,3,56,,,,,,,,
50,Grizzly,Kings Dominion,"Doswell, Va.",Taft,,2019,Wood,Sit Down,Operating,3/27/1982,Doswell,Virginia,United States,,"3,150.00",87.00,,0.00,['Chain Lift Hill'],,2:30,,,,,,,,,,
1,Phoenix,Knoebels Amusement Resort,"Elysburg, Pa.",PTC/SchmeckDinn,1985,2018,Wood,Sit Down,Operating,6/15/1985,Elysburg,Pennsylvania,United States,"Philadelphia Toboggan Coasters, Inc.","3,200.00",78.00,45.00,0.00,"['Tunnel', 'Chain Lift Hill']",72.00,2:00,,,,,,,,,,
2,El Toro,Six Flags Great Adventure,"Jackson, N.J.",Intamin,2006,2018,Wood,Sit Down,Operating,6/12/2006,Jackson,New Jersey,United States,Intamin Amusement Rides,"4,400.00",181.00,70.00,0.00,"['Cable Lift Hill', 'Hill', 'Hill', 'Hill']",176.00,1:42,,76,,,,,,,,
3,Voyage,Holiday World,"Santa Claus, Ind.",Gravity Group,2006,2018,Wood,Sit Down,Operating,5/6/2006,Santa Claus,Indiana,United States,,"6,442.00",159.00,67.00,0.00,"['Chain Lift Hill', 'Hill', 'Hill']",154.00,2:45,,66,,,,,,,,
5,Beast,Kings Island,"Mason, Ohio",KECO,1979,2018,Wood,Sit Down,Operating,4/14/1979,Mason,Ohio,United States,,"7,361.00",110.00,64.80,0.00,"['Chain Lift Hill', 'Tunnel', 'Tunnel', 'Chain Lift Hill', 'Tunnel', 'Helix']",141.00,4:10,,,,,,,,,,
6,Lightning Rod,Dollywood,"Pigeon Forge, Tenn.",Rocky Mountain,2016,2018,Steel,Sit Down,Operating,6/13/2016,Pigeon Forge,Tennessee,United States,Rocky Mountain Construction,"3,800.00",,73.00,0.00,['Chain Lift Hill'],165.00,,3.5,73,,,,,,,,
7,Outlaw Run,Silver Dollar City,"Branson, Mo.",Rocky Mountain,2013,2018,Wood,Sit Down,Operating,3/15/2013,Branson,Missouri,United States,Rocky Mountain Construction,"2,937.00",107.00,68.00,3.00,"['Chain Lift Hill', 'Over-Banked Inversion', 'Double Heartline Roll']",162.00,1:27,,81,,,,,,,,
8,Ravine Flyer II,Waldameer,"Erie, Pa.",Gravity Group,2008,2018,Wood,Sit Down,Operating,5/17/2008,Erie,Pennsylvania,United States,,"2,900.00",80.00,57.00,0.00,['Chain Lift Hill'],118.00,1:30,,60,,,,,,,,
10,Thunderhead,Dollywood,"Pigeon Forge, Tenn.",Great Coasters Int.,2004,2018,Wood,Sit Down,Operating,4/3/2004,Pigeon Forge,Tennessee,United States,Great Coasters International,"3,230.00",100.40,53.70,0.00,['Chain Lift Hill'],100.00,,,,,,,,,,,
11,Mystic Timbers,Kings Island,"Mason, Ohio",Great Coasters Int.,2017,2018,Wood,Sit Down,Operating,4/15/2017,Mason,Ohio,United States,Great Coasters International,"3,265.00",109.20,53.00,0.00,"['Chain Lift Hill', 'Tunnel']",,,,,,,,,,,,
14,Balder,Liseberg,"Gothenburg, Sweden",Intamin,2003,2018,Wood,Sit Down,Operating,4/12/2003,Gothenburg,Västra Götaland,Sweden,Intamin Amusement Rides,"3,510.50",118.10,55.90,0.00,"['Chain Lift Hill', 'Tunnel', 'Tunnel']",,2:08,,70,,,,,,,,
15,Thunderbolt,Kennywood,"West Mifflin, Pa.",Vettel/Miller,1968,2018,Wood,Sit Down,Operating,5/4/1924,West Mifflin,Pennsylvania,United States,,"3,250.00",70.00,55.00,0.00,['Chain Lift Hill'],90.00,1:41,,,,,,,,,,
17,Wildfire,Kolmården,"Norrköping, Sweden",Rocky Mountain,2016,2018,Wood,Sit Down,Operating,6/28/2016,Norrköping,Östergötland,Sweden,Rocky Mountain Construction,"4,150.30",183.80,71.50,3.00,"['Chain Lift Hill', 'Zero-G Stall', 'Heartline Roll', 'Heartline Roll']",160.80,2:00,4,83,,,,,,,,
18,Raven,Holiday World,"Santa Claus, Ind.",Custom Coasters,1995,2018,Wood,Sit Down,Operating,5/6/1995,Santa Claus,Indiana,United States,"Custom Coasters International, Inc.","2,800.00",80.00,48.00,0.00,['Chain Lift Hill'],85.00,1:30,,,,,,,,,,
19,Goliath,Six Flags Great America,"Gurnee, Ill.",Rocky Mountain,2014,2018,Wood,Sit Down,Operating,6/19/2014,Gurnee,Illinois,United States,Rocky Mountain Construction,"3,100.00",165.00,72.00,2.00,"['Chain Lift Hill', 'Tunnel', 'Over-Banked Curve', 'Dive Loop', 'Zero-G Stall', 'Tunnel']",180.00,,,85,,,,,,,,
20,Jack Rabbit,Kennywood,"West Mifflin, Pa.",Miller,1920,2018,Wood,Sit Down,Operating,1920,West Mifflin,Pennsylvania,United States,,"2,132.00",40.00,45.00,0.00,"['Chain Lift Hill', 'Double Dip']",70.00,1:36,,45,,,,,,,,
21,Giant Dipper,Santa Cruz Beach Boardwalk,"Santa Cruz, Calif.",Prior & Church/Looff,1924,2018,Wood,Sit Down,Operating,5/17/1924,Santa Cruz,California,United States,,"2,640.00",70.00,55.00,0.00,,65.00,1:52,,,,,,,,,,
23,Legend,Holiday World,"Santa Claus, Ind.",Custom Coasters,2000,2018,Wood,Sit Down,Operating,5/6/2000,Santa Claus,Indiana,United States,"Custom Coasters International, Inc.","4,042.00",99.00,59.00,0.00,"['Chain Lift Hill', 'Hill', 'Hill', 'Tunnel', 'Tunnel', 'Tunnel', 'Helix', 'Double Down', 'Tunnel']",113.00,2:00,,,,,,,,,,
25,Troy,Toverland,"Sevenum, Netherlands",Great Coasters Int.,2007,2018,Wood,Sit Down,Operating,6/29/2007,Sevenum,Limburg,Netherlands,Great Coasters International,"3,534.00",104.50,54.00,0.00,['Chain Lift Hill'],100.70,1:50,2.4,,,,,,,,,
30,Prowler,Worlds of Fun,"Kansas City, Mo.",Great Coasters Int.,2009,2018,Wood,Sit Down,Operating,5/2/2009,Kansas City,Missouri,United States,Great Coasters International,"3,074.00",102.30,51.20,0.00,['Chain Lift Hill'],84.90,2:30,,,,,,,,,,
33,Boardwalk Bullet,Kemah Boardwalk,"Kemah, Texas",M&V/Gravity Group,2007,2018,Wood,Sit Down,Operating,8/31/2007,Kemah,Texas,United States,Martin & Vleminckx,"3,236.00",96.00,51.00,0.00,,92.00,,,56,,,,,,,,
34,Flying Turns,Knoebels Amusement Resort,"Elysburg, Pa.",Knoebels,2013,2018,Wood,Bobsled,Operating,10/5/2013,Elysburg,Pennsylvania,United States,,"1,300.00",50.00,24.00,0.00,"['Chain Lift Hill', 'Chain Lift Hill', 'Chain Lift Hill', 'Chain Lift Hill']",,,,,,,,,,,,
37,Blue Streak,Conneaut Lake Park,"Conneaut Lake, Pa.",Vettel/NAD,1938,2018,Wood,Sit Down,Removed,7/4/1938,Conneaut Lake,Pennsylvania,United States,,"2,900.00",78.00,,0.00,"['Tunnel', 'Chain Lift Hill']",,2:20,,,,,,,,,,
38,American Thunder,Six Flags St. Louis,"Eureka, Mo.",Great Coasters Int.,2008,2018,Wood,Sit Down,Operating,6/20/2008,Eureka,Missouri,United States,Great Coasters International,"2,713.00",82.00,48.00,0.00,['Chain Lift Hill'],80.00,,,,,,,,,,,
40,Grizzly,Kings Dominion,"Doswell, Va.",SummersKECO,1982,2018,Wood,Sit Down,Operating,3/27/1982,Doswell,Virginia,United States,,"3,150.00",87.00,,0.00,['Chain Lift Hill'],,2:30,,,,,,,,,,
41,Blue Streak,Cedar Point,"Sandusky, Ohio",PTC/Hoover,1964,2018,Wood,Sit Down,Operating,5/23/1964,Sandusky,Ohio,United States,"Philadelphia Toboggan Coasters, Inc.","2,558.00",78.00,40.00,0.00,['Chain Lift Hill'],72.00,1:45,,45,,,,,,,,
43,Boss,Six Flags St. Louis,"Eureka, Mo.",Custom Coasters,2000,2018,Wood,Sit Down,Operating,4/29/2000,Eureka,Missouri,United States,"Custom Coasters International, Inc.","4,631.00",122.00,66.30,0.00,['Chain Lift Hill'],150.00,,,52,,,,,,,,
44,Wild One,Six Flags America,"Upper Marlboro, Md.",PTC/Miller/Dinn,1986,2018,Wood,Sit Down,Operating,1986,Upper Marlboro,Maryland,United States,"Philadelphia Toboggan Coasters, Inc.","4,000.00",98.00,53.00,0.00,['Chain Lift Hill'],88.00,1:52,,,,,,,,,,
45,T Express,Everland,"Yonjinsi, South Korea",Intamin,2008,2018,Wood,Sit Down,Operating,3/14/2008,Yongin-si,Gyeonggi-do,South Korea,Intamin Amusement Rides,"5,383.80",183.80,64.60,0.00,['Cable Lift Hill'],150.90,,,77,,,,,,,,
49,Wooden Warrior,Quassy Amusement Park,"Meddlebury, Conn.",Gravity Group,2011,2018,Wood,Sit Down,Operating,4/23/2011,Middlebury,Connecticut,United States,,"1,239.00",32.00,35.00,0.00,"['Chain Lift Hill', 'Tunnel']",36.00,,,48.5,,,45,9,,51,,
50,Twister,Knoebels Amusement Resort,"Elysburg, Pa.",Fetterman/Knoebels,1999,2018,Wood,Sit Down,Operating,7/24/1999,Elysburg,Pennsylvania,United States,,"3,900.00",101.60,51.50,0.00,"['Chain Lift Hill', 'Chain Lift Hill']",89.60,2:10,,,,,,,,,,
1,El Toro,Six Flags Great Adventure,"Jackson, N.J.",Intamin,2009,2017,Wood,Sit Down,Operating,6/12/2006,Jackson,New Jersey,United States,Intamin Amusement Rides,"4,400.00",181.00,70.00,0.00,"['Cable Lift Hill', 'Hill', 'Hill', 'Hill']",176.00,1:42,,76,,,,,,,,
2,Phoenix,Knoebels Amusement Resort,"Elysburg, Pa.",DinnPTC/Schmeck,1985,2017,Wood,Sit Down,Operating,6/15/1985,Elysburg,Pennsylvania,United States,"Philadelphia Toboggan Coasters, Inc.","3,200.00",78.00,45.00,0.00,"['Tunnel', 'Chain Lift Hill']",72.00,2:00,,,,,,,,,,
3,Boulder Dash,Lake Compounce,"Bristol, Conn.",Custom Coasters,2000,2017,Wood,Sit Down,Operating,5/21/2000,Bristol,Connecticut,United States,"Custom Coasters International, Inc.","4,725.00",,60.00,0.00,,115.00,2:30,,,,,,,,,,
4,Voyage,Holiday World,"Santa Claus, Ind.",Gravity Group,2006,2017,Wood,Sit Down,Operating,5/6/2006,Santa Claus,Indiana,United States,,"6,442.00",159.00,67.00,0.00,"['Chain Lift Hill', 'Hill', 'Hill']",154.00,2:45,,66,,,,,,,,
5,Lightning Rod,Dollywood,"Pigeon Forge, Tenn.",Rocky Mountain,2016,2017,Steel,Sit Down,Operating,6/13/2016,Pigeon Forge,Tennessee,United States,Rocky Mountain Construction,"3,800.00",,73.00,0.00,['Chain Lift Hill'],165.00,,3.5,73,,,,,,,,
6,Beast,Kings Island,"Mason, Ohio",KECO,1979,2017,Wood,Sit Down,Operating,4/14/1979,Mason,Ohio,United States,,"7,361.00",110.00,64.80,0.00,"['Chain Lift Hill', 'Tunnel', 'Tunnel', 'Chain Lift Hill', 'Tunnel', 'Helix']",141.00,4:10,,,,,,,,,,
7,Ravine Flyer II,Waldameer,"Erie, Pa.",Gravity Group,2008,2017,Wood,Sit Down,Operating,5/17/2008,Erie,Pennsylvania,United States,,"2,900.00",80.00,57.00,0.00,['Chain Lift Hill'],118.00,1:30,,60,,,,,,,,
8,Thunderhead,Dollywood,"Pigeon Forge, Tenn.",Great Coasters Int.,2004,2017,Wood,Sit Down,Operating,4/3/2004,Pigeon Forge,Tennessee,United States,Great Coasters International,"3,230.00",100.40,53.70,0.00,['Chain Lift Hill'],100.00,,,,,,,,,,,
9,Outlaw Run,Silver Dollar City,"Branson, Mo.",Rocky Mountain,2013,2017,Wood,Sit Down,Operating,3/15/2013,Branson,Missouri,United States,Rocky Mountain Construction,"2,937.00",107.00,68.00,3.00,"['Chain Lift Hill', 'Over-Banked Inversion', 'Double Heartline Roll']",162.00,1:27,,81,,,,,,,,
11,Mystic Timbers,Kings Island,"Mason, Ohio",Great Coasters Int.,2017,2017,Wood,Sit Down,Operating,4/15/2017,Mason,Ohio,United States,Great Coasters International,"3,265.00",109.20,53.00,0.00,"['Chain Lift Hill', 'Tunnel']",,,,,,,,,,,,
13,Goliath,Six Flags Great America,"Gurnee, Ill.",Rocky Mountain,2014,2017,Wood,Sit Down,Operating,6/19/2014,Gurnee,Illinois,United States,Rocky Mountain Construction,"3,100.00",165.00,72.00,2.00,"['Chain Lift Hill', 'Tunnel', 'Over-Banked Curve', 'Dive Loop', 'Zero-G Stall', 'Tunnel']",180.00,,,85,,,,,,,,
14,Boardwalk Bullet,Kemah Boardwalk,Kemah Boardwalk,M&V/Gravity Group,2007,2017,Wood,Sit Down,Operating,8/31/2007,Kemah,Texas,United States,Martin & Vleminckx,"3,236.00",96.00,51.00,0.00,,92.00,,,56,,,,,,,,
16,Balder,Liseberg,"Gothenburg, Sweden",Intamin,2003,2017,Wood,Sit Down,Operating,4/12/2003,Gothenburg,Västra Götaland,Sweden,Intamin Amusement Rides,"3,510.50",118.10,55.90,0.00,"['Chain Lift Hill', 'Tunnel', 'Tunnel']",,2:08,,70,,,,,,,,
17,Thunderbolt,Kennywood,"West Mifflin, Pa.",Vettel/Miller,1968,2017,Wood,Sit Down,Operating,5/4/1924,West Mifflin,Pennsylvania,United States,,"3,250.00",70.00,55.00,0.00,['Chain Lift Hill'],90.00,1:41,,,,,,,,,,
18,Troy,Toverland,"Sevenum, Netherlands",Great Coasters Int.,2007,2017,Wood,Sit Down,Operating,6/29/2007,Sevenum,Limburg,Netherlands,Great Coasters International,"3,534.00",104.50,54.00,0.00,['Chain Lift Hill'],100.70,1:50,2.4,,,,,,,,,
18,White Lightning,Fun Spot America,"Orlando, Fla.",Great Coasters Int.,2013,2017,Wood,Sit Down,Operating,13-May,Orlando,Florida,United States,Great Coasters International,"2,032.00",69.70,44.30,0.00,['Chain Lift Hill'],67.20,1:15,,,,,,,,,,
22,Cyclone,Luna Park,"Brooklyn, N.Y.",Keenan/Baker,1927,2017,Wood,Sit Down,Operating,6/26/1927,Brooklyn,New York,United States,,"2,850.30",75.00,60.00,0.00,,,1:50,,58.6,,,,,,,,
23,Raven,Holiday World,"Santa Claus, Ind.",Custom Coasters,1995,2017,Wood,Sit Down,Operating,5/6/1995,Santa Claus,Indiana,United States,"Custom Coasters International, Inc.","2,800.00",80.00,48.00,0.00,['Chain Lift Hill'],85.00,1:30,,,,,,,,,,
24,Legend,Holiday World,"Santa Claus, Ind.",Custom Coasters,2000,2017,Wood,Sit Down,Operating,5/6/2000,Santa Claus,Indiana,United States,"Custom Coasters International, Inc.","4,042.00",99.00,59.00,0.00,"['Chain Lift Hill', 'Hill', 'Hill', 'Tunnel', 'Tunnel', 'Tunnel', 'Helix', 'Double Down', 'Tunnel']",113.00,2:00,,,,,,,,,,
26,Jack Rabbit,Kennywood,"West Mifflin, Pa.",PTC/Miller,1920,2017,Wood,Sit Down,Operating,1920,West Mifflin,Pennsylvania,United States,,"2,132.00",40.00,45.00,0.00,"['Chain Lift Hill', 'Double Dip']",70.00,1:36,,45,,,,,,,,
27,Prowler,Worlds of Fun,"Kansas City, Mo.",Great Coasters Int.,2009,2017,Wood,Sit Down,Operating,5/2/2009,Kansas City,Missouri,United States,Great Coasters International,"3,074.00",102.30,51.20,0.00,['Chain Lift Hill'],84.90,2:30,,,,,,,,,,
28,Boss,Six Flags St. Louis,"Eureka, Mo.",Custom Coasters,2000,2017,Wood,Sit Down,Operating,4/29/2000,Eureka,Missouri,United States,"Custom Coasters International, Inc.","4,631.00",122.00,66.30,0.00,['Chain Lift Hill'],150.00,,,52,,,,,,,,
29,Wildfire,Kolmården,"Norrköping, Sweden",Rocky Mountain,2016,2017,Wood,Sit Down,Operating,6/28/2016,Norrköping,Östergötland,Sweden,Rocky Mountain Construction,"4,150.30",183.80,71.50,3.00,"['Chain Lift Hill', 'Zero-G Stall', 'Heartline Roll', 'Heartline Roll']",160.80,2:00,4,83,,,,,,,,
31,Giant Dipper,Santa Cruz Beach Boardwalk,"Santa Cruz, Calif.",Prior & Church/Looff,1924,2017,Wood,Sit Down,Operating,5/17/1924,Santa Cruz,California,United States,,"2,640.00",70.00,55.00,0.00,,65.00,1:52,,,,,,,,,,
35,Twister,Knoebels Amusement Resort,"Elysburg, Pa.",Fetterman/Knoebels,1999,2017,Wood,Sit Down,Operating,7/24/1999,Elysburg,Pennsylvania,United States,,"3,900.00",101.60,51.50,0.00,"['Chain Lift Hill', 'Chain Lift Hill']",89.60,2:10,,,,,,,,,,
36,Wild Mouse,Blackpool Pleasure Beach,"Blackpool, England","Wright, Blackpool",1958,2017,Wood,Sit Down,Removed,1958,Lancashire,England,United Kingdom,,"1,266.00",,,0.00,,,1:30,,,,,,,,,,
40,American Thunder,Six Flags St. Louis,"Eureka, Mo.",Great Coasters Int.,2009,2017,Wood,Sit Down,Operating,6/20/2008,Eureka,Missouri,United States,Great Coasters International,"2,713.00",82.00,48.00,0.00,['Chain Lift Hill'],80.00,,,,,,,,,,,
42,Blue Streak,Cedar Point,"Sandusky, Ohio",PTC/Hoover,1964,2017,Wood,Sit Down,Operating,5/23/1964,Sandusky,Ohio,United States,"Philadelphia Toboggan Coasters, Inc.","2,558.00",78.00,40.00,0.00,['Chain Lift Hill'],72.00,1:45,,45,,,,,,,,
44,Flying Turns,Knoebels Amusement Resort,"Elysburg, Pa.",Knoebels,2013,2017,Wood,Bobsled,Operating,10/5/2013,Elysburg,Pennsylvania,United States,,"1,300.00",50.00,24.00,0.00,"['Chain Lift Hill', 'Chain Lift Hill', 'Chain Lift Hill', 'Chain Lift Hill']",,,,,,,,,,,,
45,Wooden Warrior,Quassy Amusement Park,"Middlebury, Conn.",Gravity Group,2011,2017,Wood,Sit Down,Operating,4/23/2011,Middlebury,Connecticut,United States,,"1,239.00",32.00,35.00,0.00,"['Chain Lift Hill', 'Tunnel']",36.00,,,48.5,,,45,9,,51,,
48,Grand National,Blackpool Pleasure Beach,"Blackpool, England",Paige,1935,2017,Wood,Sit Down,Operating,1935,Lancashire,England,United Kingdom,,"3,302.00",62.00,40.00,0.00,,,2:20,,,,,,,,,,
49,Kentucky Rumbler,Beech Bend,"Bowling Green, Ky.",Great Coasters Int.,2006,2017,Wood,Sit Down,Operating,5/6/2006,Bowling Green,Kentucky,United States,Great Coasters International,"2,827.00",96.00,47.30,0.00,['Chain Lift Hill'],80.20,,,,,,,,,,,
50,Twister,Gröna Lund,"Stockholm, Sweden",Gravity Group,2011,2017,Wood,Sit Down,Operating,5/7/2011,Stockholm,Stockholm,Sweden,Gravitykraft Corporation,"1,544.00",51.00,38.00,0.00,['Chain Lift Hill'],46.00,,3,56,,,,,,,,
1,Boulder Dash,Lake Compounce,"Bristol, Conn.",Custom Coasters,2000,2016,Wood,Sit Down,Operating,5/21/2000,Bristol,Connecticut,United States,"Custom Coasters International, Inc.","4,725.00",,60.00,0.00,,115.00,2:30,,,,,,,,,,
2,Phoenix,Knoebels Amusement Resort,"Elysburg, Pa.",DinnPTC/Schmeck,1985,2016,Wood,Sit Down,Operating,6/15/1985,Elysburg,Pennsylvania,United States,"Philadelphia Toboggan Coasters, Inc.","3,200.00",78.00,45.00,0.00,"['Tunnel', 'Chain Lift Hill']",72.00,2:00,,,,,,,,,,
3,El Toro,Six Flags Great Adventure,"Jackson, N.J.",Intamin,2006,2016,Wood,Sit Down,Operating,6/12/2006,Jackson,New Jersey,United States,Intamin Amusement Rides,"4,400.00",181.00,70.00,0.00,"['Cable Lift Hill', 'Hill', 'Hill', 'Hill']",176.00,1:42,,76,,,,,,,,
5,Ravine Flyer II,Waldameer,"Erie, Pa.",Gravity Group,2008,2016,Wood,Sit Down,Operating,5/17/2008,Erie,Pennsylvania,United States,,"2,900.00",80.00,57.00,0.00,['Chain Lift Hill'],118.00,1:30,,60,,,,,,,,
7,Thunderhead,Dollywood,"Pigeon Forge, Tenn.",Great Coasters Int.,2004,2016,Wood,Sit Down,Operating,4/3/2004,Pigeon Forge,Tennessee,United States,Great Coasters International,"3,230.00",100.40,53.70,0.00,['Chain Lift Hill'],100.00,,,,,,,,,,,
8,Outlaw Run,Silver Dollar City,"Branson, Mo.",Rocky Mountain,2013,2016,Wood,Sit Down,Operating,3/15/2013,Branson,Missouri,United States,Rocky Mountain Construction,"2,937.00",107.00,68.00,3.00,"['Chain Lift Hill', 'Over-Banked Inversion', 'Double Heartline Roll']",162.00,1:27,,81,,,,,,,,
11,Lightning Rod,Dollywood,"Pigeon Forge, Tenn.",Rocky Mountain,2016,2016,Steel,Sit Down,Operating,6/13/2016,Pigeon Forge,Tennessee,United States,Rocky Mountain Construction,"3,800.00",,73.00,0.00,['Chain Lift Hill'],165.00,,3.5,73,,,,,,,,
12,Balder,Liseberg,"Gothenburg, Sweden",Intamin,2003,2016,Wood,Sit Down,Operating,4/12/2003,Gothenburg,Västra Götaland,Sweden,Intamin Amusement Rides,"3,510.50",118.10,55.90,0.00,"['Chain Lift Hill', 'Tunnel', 'Tunnel']",,2:08,,70,,,,,,,,
13,Goliath,Six Flags Great America,"Gurnee, Ill.",Rocky Mountain,2014,2016,Wood,Sit Down,Operating,6/19/2014,Gurnee,Illinois,United States,Rocky Mountain Construction,"3,100.00",165.00,72.00,2.00,"['Chain Lift Hill', 'Tunnel', 'Over-Banked Curve', 'Dive Loop', 'Zero-G Stall', 'Tunnel']",180.00,,,85,,,,,,,,
14,Prowler,Worlds of Fun,"Kansas City, Mo.",Great Coasters Int.,2009,2016,Wood,Sit Down,Operating,5/2/2009,Kansas City,Missouri,United States,Great Coasters International,"3,074.00",102.30,51.20,0.00,['Chain Lift Hill'],84.90,2:30,,,,,,,,,,
17,Giant Dipper,Santa Cruz Beach Boardwalk,"Santa Cruz, Calif.",Prior & Church/Looff,1924,2016,Wood,Sit Down,Operating,5/17/1924,Santa Cruz,California,United States,,"2,640.00",70.00,55.00,0.00,,65.00,1:52,,,,,,,,,,
20,Jack Rabbit,Kennywood,"West Mifflin, Pa.",PTC/Miller,1920,2016,Wood,Sit Down,Operating,1920,West Mifflin,Pennsylvania,United States,,"2,132.00",40.00,45.00,0.00,"['Chain Lift Hill', 'Double Dip']",70.00,1:36,,45,,,,,,,,
21,Thunderbolt,Kennywood,"West Mifflin, Pa.",Vettel/Miller,1968,2016,Wood,Sit Down,Operating,5/4/1924,West Mifflin,Pennsylvania,United States,,"3,250.00",70.00,55.00,0.00,['Chain Lift Hill'],90.00,1:41,,,,,,,,,,
24,Troy,Toverland,"Sevenum, Netherlands",Great Coasters Int.,2007,2016,Wood,Sit Down,Operating,6/29/2007,Sevenum,Limburg,Netherlands,Great Coasters International,"3,534.00",104.50,54.00,0.00,['Chain Lift Hill'],100.70,1:50,2.4,,,,,,,,,
27,Cyclone,Luna Park,"Brooklyn, N.Y.",Keenan/Baker,1927,2016,Wood,Sit Down,Operating,6/26/1927,Brooklyn,New York,United States,,"2,850.30",75.00,60.00,0.00,,,1:50,,58.6,,,,,,,,
28,Wildfire,Kolmården,"Norrköping, Sweden",Rocky Mountain,2016,2016,Wood,Sit Down,Operating,6/28/2016,Norrköping,Östergötland,Sweden,Rocky Mountain Construction,"4,150.30",183.80,71.50,3.00,"['Chain Lift Hill', 'Zero-G Stall', 'Heartline Roll', 'Heartline Roll']",160.80,2:00,4,83,,,,,,,,
32,Wild Mouse,Blackpool Pleasure Beach,"Blackpool, England","Wright, Blackpool",1958,2016,Wood,Sit Down,Removed,1958,Lancashire,England,United Kingdom,,"1,266.00",,,0.00,,,1:30,,,,,,,,,,
33,American Thunder,Six Flags St. Louis,"Eureka, Mo.",Great Coasters Int.,2009,2016,Wood,Sit Down,Operating,6/20/2008,Eureka,Missouri,United States,Great Coasters International,"2,713.00",82.00,48.00,0.00,['Chain Lift Hill'],80.00,,,,,,,,,,,
34,White Lightning,Fun Spot America,"Orlando, Fla.",Great Coasters Int.,2013,2016,Wood,Sit Down,Operating,13-May,Orlando,Florida,United States,Great Coasters International,"2,032.00",69.70,44.30,0.00,['Chain Lift Hill'],67.20,1:15,,,,,,,,,,
38,Blue Streak,Conneaut Lake Park,"Conneaut Lake, Pa.",Vettel,1938,2016,Wood,Sit Down,Removed,7/4/1938,Conneaut Lake,Pennsylvania,United States,,"2,900.00",78.00,,0.00,"['Tunnel', 'Chain Lift Hill']",,2:20,,,,,,,,,,
41,Flying Turns,Knoebels Amusement Resort,"Elysburg, Pa.",Knoebels,2013,2016,Wood,Bobsled,Operating,10/5/2013,Elysburg,Pennsylvania,United States,,"1,300.00",50.00,24.00,0.00,"['Chain Lift Hill', 'Chain Lift Hill', 'Chain Lift Hill', 'Chain Lift Hill']",,,,,,,,,,,,
42,Blue Streak,Cedar Point,"Sandusky, Ohio",PTC/Hoover,1964,2016,Wood,Sit Down,Operating,5/23/1964,Sandusky,Ohio,United States,"Philadelphia Toboggan Coasters, Inc.","2,558.00",78.00,40.00,0.00,['Chain Lift Hill'],72.00,1:45,,45,,,,,,,,
43,Racer,Kennywood,"West Mifflin, Pa.",PTC/Miller,1927,2016,Wood,Sit Down,Operating,1927,West Mifflin,Pennsylvania,United States,,"4,500.00",72.50,40.00,0.00,"['Chain Lift Hill', 'Chain Lift Hill']",50.00,1:32,,,,,,,,,,
43,Racer,Kennywood,"West Mifflin, Pa.",PTC/Miller,1927,2016,Wood,Sit Down,Removed,1910,West Mifflin,Pennsylvania,United States,,,,,0.00,,,,,,,,,,,,,
44,T Express,Everland,"Yonginsi, South Korea",Intamin,2008,2016,Wood,Sit Down,Operating,3/14/2008,Yongin-si,Gyeonggi-do,South Korea,Intamin Amusement Rides,"5,383.80",183.80,64.60,0.00,['Cable Lift Hill'],150.90,,,77,,,,,,,,
45,Twister,Gröna Lund,"Stockholm, Sweden",Gravity Group,2011,2016,Wood,Sit Down,Operating,5/7/2011,Stockholm,Stockholm,Sweden,Gravitykraft Corporation,"1,544.00",51.00,38.00,0.00,['Chain Lift Hill'],46.00,,3,56,,,,,,,,
46,Wooden Warrior,Quassy Amusement Park,"Middlebury, Conn.",Gravity Group,2011,2016,Wood,Sit Down,Operating,4/23/2011,Middlebury,Connecticut,United States,,"1,239.00",32.00,35.00,0.00,"['Chain Lift Hill', 'Tunnel']",36.00,,,48.5,,,45,9,,51,,
47,Twister,Knoebels Amusement Resort,"Elysburg, Pa.",Fetterman/Knoebels,1999,2016,Wood,Sit Down,Operating,7/24/1999,Elysburg,Pennsylvania,United States,,"3,900.00",101.60,51.50,0.00,"['Chain Lift Hill', 'Chain Lift Hill']",89.60,2:10,,,,,,,,,,
48,Kentucky Rumbler,Beech Bend,"Bowling Green, Ky.",Great Coasters Int.,2006,2016,Wood,Sit Down,Operating,5/6/2006,Bowling Green,Kentucky,United States,Great Coasters International,"2,827.00",96.00,47.30,0.00,['Chain Lift Hill'],80.20,,,,,,,,,,,
49,Wood Coaster,Knight Valley,"Shenzhen, China",Great Coasters Int.,2011,2016,Wood,Sit Down,Operating,7/19/2011,Shenzhen,Guangdong,China,Great Coasters International,"4,817.00",,,0.00,,,,,,,,,,,,,
50,Boardwalk Bullet,Kemah Boardwalk,"Kemah, Texas",M&V/The Gravity Group,2007,2016,Wood,Sit Down,Operating,8/31/2007,Kemah,Texas,United States,Martin & Vleminckx,"3,236.00",96.00,51.00,0.00,,92.00,,,56,,,,,,,,
1,Boulder Dash,Lake Compounce,"Bristol, Conn.",Custom Coasters,2000,2015,Wood,Sit Down,Operating,5/21/2000,Bristol,Connecticut,United States,"Custom Coasters International, Inc.","4,725.00",,60.00,0.00,,115.00,2:30,,,,,,,,,,
2,El Toro,Six Flags Great Adventure,"Jackson,N.J.",Intamin,2006,2015,Wood,Sit Down,Operating,6/12/2006,Jackson,New Jersey,United States,Intamin Amusement Rides,"4,400.00",181.00,70.00,0.00,"['Cable Lift Hill', 'Hill', 'Hill', 'Hill']",176.00,1:42,,76,,,,,,,,
3,Phoenix,Knoebels Amusement Resort,"Elysburg, Pa.",Dinn – PTC/Schmeck,1985,2015,Wood,Sit Down,Operating,6/15/1985,Elysburg,Pennsylvania,United States,"Philadelphia Toboggan Coasters, Inc.","3,200.00",78.00,45.00,0.00,"['Tunnel', 'Chain Lift Hill']",72.00,2:00,,,,,,,,,,
5,Thunderhead,Dollywood,"Pigeon Forge, Tenn.",Great Coasters Int.,2004,2015,Wood,Sit Down,Operating,4/3/2004,Pigeon Forge,Tennessee,United States,Great Coasters International,"3,230.00",100.40,53.70,0.00,['Chain Lift Hill'],100.00,,,,,,,,,,,
7,Ravine Flyer II,Waldameer,"Erie, Pa.",Gravity Group,2008,2015,Wood,Sit Down,Operating,5/17/2008,Erie,Pennsylvania,United States,,"2,900.00",80.00,57.00,0.00,['Chain Lift Hill'],118.00,1:30,,60,,,,,,,,
8,Outlaw Run,Silver Dollar City,"Branson, Mo.",Rocky Mountain,2013,2015,Wood,Sit Down,Operating,3/15/2013,Branson,Missouri,United States,Rocky Mountain Construction,"2,937.00",107.00,68.00,3.00,"['Chain Lift Hill', 'Over-Banked Inversion', 'Double Heartline Roll']",162.00,1:27,,81,,,,,,,,
11,Balder,Liseberg,"Gothenburg, Sweden",Intamin,2003,2015,Wood,Sit Down,Operating,4/12/2003,Gothenburg,Västra Götaland,Sweden,Intamin Amusement Rides,"3,510.50",118.10,55.90,0.00,"['Chain Lift Hill', 'Tunnel', 'Tunnel']",,2:08,,70,,,,,,,,
13,Giant Dipper,Santa Cruz Beach Boardwalk,"Santa Cruz, Calif.",Prior & Church/Looff,1924,2015,Wood,Sit Down,Operating,5/17/1924,Santa Cruz,California,United States,,"2,640.00",70.00,55.00,0.00,,65.00,1:52,,,,,,,,,,
14,Goliath,Six Flags Great America,"Gurnee, Ill.",Rocky Mountain,2014,2015,Wood,Sit Down,Operating,6/19/2014,Gurnee,Illinois,United States,Rocky Mountain Construction,"3,100.00",165.00,72.00,2.00,"['Chain Lift Hill', 'Tunnel', 'Over-Banked Curve', 'Dive Loop', 'Zero-G Stall', 'Tunnel']",180.00,,,85,,,,,,,,
15,Thunderbolt,Kennywood,"West Mifflin, Pa",Vettel/Miller,1927,2015,Wood,Sit Down,Operating,5/4/1924,West Mifflin,Pennsylvania,United States,,"3,250.00",70.00,55.00,0.00,['Chain Lift Hill'],90.00,1:41,,,,,,,,,,
17,Prowler,Worlds of Fun,"Kansas City, Mo.",Great Coasters Int.,2009,2015,Wood,Sit Down,Operating,5/2/2009,Kansas City,Missouri,United States,Great Coasters International,"3,074.00",102.30,51.20,0.00,['Chain Lift Hill'],84.90,2:30,,,,,,,,,,
18,Troy,Toverland,"Sevenum, the Netherlands",Great Coasters Int.,2007,2015,Wood,Sit Down,Operating,6/29/2007,Sevenum,Limburg,Netherlands,Great Coasters International,"3,534.00",104.50,54.00,0.00,['Chain Lift Hill'],100.70,1:50,2.4,,,,,,,,,
21,Flying Turns,Knoebels Amusement Resort,"Elysburg, Pa.",Knoebels,2013,2015,Wood,Bobsled,Operating,10/5/2013,Elysburg,Pennsylvania,United States,,"1,300.00",50.00,24.00,0.00,"['Chain Lift Hill', 'Chain Lift Hill', 'Chain Lift Hill', 'Chain Lift Hill']",,,,,,,,,,,,
21,Jack Rabbit,Kennywood,"West Mifflin, Pa.",PTC/Miller,1920,2015,Wood,Sit Down,Operating,1920,West Mifflin,Pennsylvania,United States,,"2,132.00",40.00,45.00,0.00,"['Chain Lift Hill', 'Double Dip']",70.00,1:36,,45,,,,,,,,
26,Wild Mouse,Blackpool Pleasure Beach,"Blackpool, England","Wright, Blackpool",1958,2015,Wood,Sit Down,Removed,1958,Lancashire,England,United Kingdom,,"1,266.00",,,0.00,,,1:30,,,,,,,,,,
33,Kentucky Rumbler,Beech Bend,"Bowling Green, Ky.",Great Coasters Int.,2006,2015,Wood,Sit Down,Operating,5/6/2006,Bowling Green,Kentucky,United States,Great Coasters International,"2,827.00",96.00,47.30,0.00,['Chain Lift Hill'],80.20,,,,,,,,,,,
34,Grand National,Blackpool Pleasure Beach,"Blackpool, England",Paige,1935,2015,Wood,Sit Down,Operating,1935,Lancashire,England,United Kingdom,,"3,302.00",62.00,40.00,0.00,,,2:20,,,,,,,,,,
35,Blue Streak,Cedar Point,"Sandusky, Ohio",PTC/Hoover,1964,2015,Wood,Sit Down,Operating,5/23/1964,Sandusky,Ohio,United States,"Philadelphia Toboggan Coasters, Inc.","2,558.00",78.00,40.00,0.00,['Chain Lift Hill'],72.00,1:45,,45,,,,,,,,
35,Blue Streak,Conneaut Lake Park,"Conneaut Lake, Pa.",Vettel,1938,2015,Wood,Sit Down,Removed,7/4/1938,Conneaut Lake,Pennsylvania,United States,,"2,900.00",78.00,,0.00,"['Tunnel', 'Chain Lift Hill']",,2:20,,,,,,,,,,
37,El Toro,Freizeitpark Plohn,"Lengenfeld, Germany",Great Coasters Int.,2009,2015,Wood,Sit Down,Operating,4/10/2009,Lengenfeld,Saxony,Germany,Great Coasters International,"2,379.00",80.50,45.60,0.00,"['Tunnel', 'Tunnel']",70.70,,,,,,,,,,,
38,Wooden Warrior,Quassy Amusement Park,"Middlebury, Conn.",Gravity Group,2011,2015,Wood,Sit Down,Operating,4/23/2011,Middlebury,Connecticut,United States,,"1,239.00",32.00,35.00,0.00,"['Chain Lift Hill', 'Tunnel']",36.00,,,48.5,,,45,9,,51,,
39,American Thunder,Six Flags St. Louis,"Eureka, Mo.",Great Coasters Int.,2009,2015,Wood,Sit Down,Operating,6/20/2008,Eureka,Missouri,United States,Great Coasters International,"2,713.00",82.00,48.00,0.00,['Chain Lift Hill'],80.00,,,,,,,,,,,
40,White Lightning,Fun Spot America,"Orlando, Fla.",Great Coasters Int.,2013,2015,Wood,Sit Down,Operating,13-May,Orlando,Florida,United States,Great Coasters International,"2,032.00",69.70,44.30,0.00,['Chain Lift Hill'],67.20,1:15,,,,,,,,,,
41,Twister,Knoebels Amusement Resort,"Elysburg, Pa.",Fetterman/Knoebels,1999,2015,Wood,Sit Down,Operating,7/24/1999,Elysburg,Pennsylvania,United States,,"3,900.00",101.60,51.50,0.00,"['Chain Lift Hill', 'Chain Lift Hill']",89.60,2:10,,,,,,,,,,
43,Boardwalk Bullet,Kemah Boardwalk,"Kemah, Texas",M&V/Gravity Group,2007,2015,Wood,Sit Down,Operating,8/31/2007,Kemah,Texas,United States,Martin & Vleminckx,"3,236.00",96.00,51.00,0.00,,92.00,,,56,,,,,,,,
44,Twister,Gröna Lund,"Stockholm, Sweden",Gravity Group,2011,2015,Wood,Sit Down,Operating,5/7/2011,Stockholm,Stockholm,Sweden,Gravitykraft Corporation,"1,544.00",51.00,38.00,0.00,['Chain Lift Hill'],46.00,,3,56,,,,,,,,
45,Comet,Hersheypark,"Hershey, Pa.",PTC/Schmeck,1946,2015,Wood,Sit Down,Operating,5/30/1946,Hershey,Pennsylvania,United States,"Philadelphia Toboggan Coasters, Inc.","3,360.00",84.00,50.00,0.00,['Chain Lift Hill'],78.00,1:45,,,,,,,,,,
47,T Express,Everland,"Yonginsi, South Korea",Intamin,2008,2015,Wood,Sit Down,Operating,3/14/2008,Yongin-si,Gyeonggi-do,South Korea,Intamin Amusement Rides,"5,383.80",183.80,64.60,0.00,['Cable Lift Hill'],150.90,,,77,,,,,,,,
48,Big Dipper,Blackpool Pleasure Beach,"Blackpool, England",PTC/Miller,1923,2015,Wood,Sit Down,Operating,8/23/1923,Lancashire,England,United Kingdom,,"3,300.00",60.00,,0.00,,,2:30,,,,,,,,,,
50,Racer,Kennywood,"West Mifflin, Pa.",PTC/Miller,1927,2015,Wood,Sit Down,Operating,1927,West Mifflin,Pennsylvania,United States,,"4,500.00",72.50,40.00,0.00,"['Chain Lift Hill', 'Chain Lift Hill']",50.00,1:32,,,,,,,,,,
50,Racer,Kennywood,"West Mifflin, Pa.",PTC/Miller,1927,2015,Wood,Sit Down,Removed,1910,West Mifflin,Pennsylvania,United States,,,,,0.00,,,,,,,,,,,,,
1,Boulder Dash,Lake Compounce,"Bristol, Conn.",Custom Coasters,2000,2014,Wood,Sit Down,Operating,5/21/2000,Bristol,Connecticut,United States,"Custom Coasters International, Inc.","4,725.00",,60.00,0.00,,115.00,2:30,,,,,,,,,,
2,El Toro,Six Flags Great Adventure,"Jackson,N.J.",Intamin,2006,2014,Wood,Sit Down,Operating,6/12/2006,Jackson,New Jersey,United States,Intamin Amusement Rides,"4,400.00",181.00,70.00,0.00,"['Cable Lift Hill', 'Hill', 'Hill', 'Hill']",176.00,1:42,,76,,,,,,,,
4,Phoenix,Knoebels Amusement Resort,"Elysburg, Pa.",Dinn – PTC/Schmeck,1985,2014,Wood,Sit Down,Operating,6/15/1985,Elysburg,Pennsylvania,United States,"Philadelphia Toboggan Coasters, Inc.","3,200.00",78.00,45.00,0.00,"['Tunnel', 'Chain Lift Hill']",72.00,2:00,,,,,,,,,,
5,Thunderhead,Dollywood,"Pigeon Forge, Tenn.",Great Coasters Int.,2004,2014,Wood,Sit Down,Operating,4/3/2004,Pigeon Forge,Tennessee,United States,Great Coasters International,"3,230.00",100.40,53.70,0.00,['Chain Lift Hill'],100.00,,,,,,,,,,,
6,Ravine Flyer II,Waldameer,"Erie, Pa.",Gravity Group,2008,2014,Wood,Sit Down,Operating,5/17/2008,Erie,Pennsylvania,United States,,"2,900.00",80.00,57.00,0.00,['Chain Lift Hill'],118.00,1:30,,60,,,,,,,,
9,Outlaw Run,Silver Dollar City,"Branson, Mo.",Rocky Mountain,2013,2014,Wood,Sit Down,Operating,3/15/2013,Branson,Missouri,United States,Rocky Mountain Construction,"2,937.00",107.00,68.00,3.00,"['Chain Lift Hill', 'Over-Banked Inversion', 'Double Heartline Roll']",162.00,1:27,,81,,,,,,,,
10,Balder,Liseberg,"Gothenburg, Sweden",Intamin,2003,2014,Wood,Sit Down,Operating,4/12/2003,Gothenburg,Västra Götaland,Sweden,Intamin Amusement Rides,"3,510.50",118.10,55.90,0.00,"['Chain Lift Hill', 'Tunnel', 'Tunnel']",,2:08,,70,,,,,,,,
12,Prowler,Worlds of Fun,"Kansas City, Mo.",Great Coasters Int.,2009,2014,Wood,Sit Down,Operating,5/2/2009,Kansas City,Missouri,United States,Great Coasters International,"3,074.00",102.30,51.20,0.00,['Chain Lift Hill'],84.90,2:30,,,,,,,,,,
14,Thunderbolt,Kennywood,"West Mifflin, Pa.",Vettel/Miller,1968,2014,Wood,Sit Down,Operating,5/4/1924,West Mifflin,Pennsylvania,United States,,"3,250.00",70.00,55.00,0.00,['Chain Lift Hill'],90.00,1:41,,,,,,,,,,
16,Troy,Toverland,"Sevenum, Netherlands",Great Coasters Int.,2007,2014,Wood,Sit Down,Operating,6/29/2007,Sevenum,Limburg,Netherlands,Great Coasters International,"3,534.00",104.50,54.00,0.00,['Chain Lift Hill'],100.70,1:50,2.4,,,,,,,,,
17,Giant Dipper,Santa Cruz Beach Boardwalk,"Santa Cruz, Calif.",Prior & Church/Looff,1924,2014,Wood,Sit Down,Operating,5/17/1924,Santa Cruz,California,United States,,"2,640.00",70.00,55.00,0.00,,65.00,1:52,,,,,,,,,,
19,Jack Rabbit,Kennywood,"West Mifflin, Pa.",PTC/Miller,1920,2014,Wood,Sit Down,Operating,1920,West Mifflin,Pennsylvania,United States,,"2,132.00",40.00,45.00,0.00,"['Chain Lift Hill', 'Double Dip']",70.00,1:36,,45,,,,,,,,
20,Kentucky Rumbler,Beech Bend,"Bowling Green, Ky.",Great Coasters Int.,2006,2014,Wood,Sit Down,Operating,5/6/2006,Bowling Green,Kentucky,United States,Great Coasters International,"2,827.00",96.00,47.30,0.00,['Chain Lift Hill'],80.20,,,,,,,,,,,
23,Goliath,Six Flags Great America,"Gurnee, Ill.",Rocky Mountain,2014,2014,Wood,Sit Down,Operating,6/19/2014,Gurnee,Illinois,United States,Rocky Mountain Construction,"3,100.00",165.00,72.00,2.00,"['Chain Lift Hill', 'Tunnel', 'Over-Banked Curve', 'Dive Loop', 'Zero-G Stall', 'Tunnel']",180.00,,,85,,,,,,,,
25,Flying Turns,Knoebels Amusement Resort,"Elysburg, Pa.",Knoebels,2013,2014,Wood,Bobsled,Operating,10/5/2013,Elysburg,Pennsylvania,United States,,"1,300.00",50.00,24.00,0.00,"['Chain Lift Hill', 'Chain Lift Hill', 'Chain Lift Hill', 'Chain Lift Hill']",,,,,,,,,,,,
29,El Toro,Freizeitpark Plohn,"Lengenfeldl, Germany",Great Coasters Int.,2009,2014,Wood,Sit Down,Operating,4/10/2009,Lengenfeld,Saxony,Germany,Great Coasters International,"2,379.00",80.50,45.60,0.00,"['Tunnel', 'Tunnel']",70.70,,,,,,,,,,,
30,Blue Streak,Conneaut Lake Park,"Conneaut Lake, Pa.",Vettel,1938,2014,Wood,Sit Down,Removed,7/4/1938,Conneaut Lake,Pennsylvania,United States,,"2,900.00",78.00,,0.00,"['Tunnel', 'Chain Lift Hill']",,2:20,,,,,,,,,,
31,American Thunder,Six Flags St. Louis,"Eureka, Mo.",Great Coasters Int.,2009,2014,Wood,Sit Down,Operating,6/20/2008,Eureka,Missouri,United States,Great Coasters International,"2,713.00",82.00,48.00,0.00,['Chain Lift Hill'],80.00,,,,,,,,,,,
32,Grand National,Blackpool Pleasure Beach,"Blackpool, England",Paige,1935,2014,Wood,Sit Down,Operating,1935,Lancashire,England,United Kingdom,,"3,302.00",62.00,40.00,0.00,,,2:20,,,,,,,,,,
35,Blue Streak,Cedar Point,"Sandusky, Ohio",PTC/Hoover,1964,2014,Wood,Sit Down,Operating,5/23/1964,Sandusky,Ohio,United States,"Philadelphia Toboggan Coasters, Inc.","2,558.00",78.00,40.00,0.00,['Chain Lift Hill'],72.00,1:45,,45,,,,,,,,
35,Boardwalk Bullet,Kemah Boardwalk,"Kemah, Texas",M&V/Gravity Group,2007,2014,Wood,Sit Down,Operating,8/31/2007,Kemah,Texas,United States,Martin & Vleminckx,"3,236.00",96.00,51.00,0.00,,92.00,,,56,,,,,,,,
38,White Lightning,Fun Spot America,"Orlando, Fla.",Great Coasters Int.,2013,2014,Wood,Sit Down,Operating,13-May,Orlando,Florida,United States,Great Coasters International,"2,032.00",69.70,44.30,0.00,['Chain Lift Hill'],67.20,1:15,,,,,,,,,,
40,Twister,Knoebels Amusement Resort,"Elysburg, Pa.",Fetterman/Knoebels,1999,2014,Wood,Sit Down,Operating,7/24/1999,Elysburg,Pennsylvania,United States,,"3,900.00",101.60,51.50,0.00,"['Chain Lift Hill', 'Chain Lift Hill']",89.60,2:10,,,,,,,,,,
41,Rutschebanen,Tivoli Gardens,"Copenhagen, Denmark",Thompson,1914,2014,Wood,Sit Down,Operating,1914,Copenhagen,Hovedstaden,Denmark,L.A. Thompson Scenic Railway Company,"2,362.20",39.40,37.30,0.00,,,2:10,,,,,42.3,,,,,
41,Rutschebanen,Tivoli Gardens,"Copenhagen, Denmark",Thompson,1914,2014,Wood,Sit Down,Removed,1902,Copenhagen,Hovedstaden,Denmark,,,,,0.00,,,,,,,,,,,,,
41,Rutschebanen,Tivoli Gardens,"Copenhagen, Denmark",Thompson,1914,2014,Wood,Sit Down,Removed,1887,Copenhagen,Hovedstaden,Denmark,,,,,0.00,,,,,,,,,,,,,
41,Rutschebanen,Tivoli Gardens,"Copenhagen, Denmark",Thompson,1914,2014,Wood,Sit Down,Removed,1843,Copenhagen,Hovedstaden,Denmark,,,,,0.00,,,,,,,,,,,,,
42,Racer,Kennywood,"West Mifflin, Pa.",PTC/Miller,1927,2014,Wood,Sit Down,Operating,1927,West Mifflin,Pennsylvania,United States,,"4,500.00",72.50,40.00,0.00,"['Chain Lift Hill', 'Chain Lift Hill']",50.00,1:32,,,,,,,,,,
42,Racer,Kennywood,"West Mifflin, Pa.",PTC/Miller,1927,2014,Wood,Sit Down,Removed,1910,West Mifflin,Pennsylvania,United States,,,,,0.00,,,,,,,,,,,,,
43,Wild Mouse,Blackpool Pleasure Beach,"Blackpool, England",Wright/Blackpool,1958,2014,Wood,Sit Down,Removed,1958,Lancashire,England,United Kingdom,,"1,266.00",,,0.00,,,1:30,,,,,,,,,,
45,Colossus,Six Flags Magic Mountain,"Valencia, Calif.",IAD,1978,2014,Wood,Sit Down,Removed,6/29/1978,Valencia,California,United States,"International Amusement Devices, Inc.","4,325.00",125.00,62.00,0.00,['Chain Lift Hill'],115.00,2:30,3.2,,,,,,,,,
49,Viper,Six Flags Great America,"Gurnee, Ill.",Starkey/Six Flags,1995,2014,Wood,Sit Down,Operating,4/29/1995,Gurnee,Illinois,United States,,"3,458.00",100.00,50.00,0.00,['Chain Lift Hill'],80.00,1:45,,53,,,,,,,,
50,Wood Coaster,Knight Valley,"Shenzhen, China",Great Coasters Int.,2011,2014,Wood,Sit Down,Operating,7/19/2011,Shenzhen,Guangdong,China,Great Coasters International,"4,817.00",,,0.00,,,,,,,,,,,,,
2,El Toro,Six Flags Great Adventure,"Jackson, N.J.",Intamin,2006,2013,Wood,Sit Down,Operating,6/12/2006,Jackson,New Jersey,United States,Intamin Amusement Rides,"4,400.00",181.00,70.00,0.00,"['Cable Lift Hill', 'Hill', 'Hill', 'Hill']",176.00,1:42,,76,,,,,,,,
3,Phoenix,Knoebels Amusement Resort,"Elysburg, Pa.",Dinn/PTCSchmeck,1985,2013,Wood,Sit Down,Operating,6/15/1985,Elysburg,Pennsylvania,United States,"Philadelphia Toboggan Coasters, Inc.","3,200.00",78.00,45.00,0.00,"['Tunnel', 'Chain Lift Hill']",72.00,2:00,,,,,,,,,,
5,Thunderhead,Dollywood,"Pigeon Forge, Tenn.",GCII,2004,2013,Wood,Sit Down,Operating,4/3/2004,Pigeon Forge,Tennessee,United States,Great Coasters International,"3,230.00",100.40,53.70,0.00,['Chain Lift Hill'],100.00,,,,,,,,,,,
6,Ravine Flyer II,Waldameer,"Erie, Pa.",Gravity Group,2008,2013,Wood,Sit Down,Operating,5/17/2008,Erie,Pennsylvania,United States,,"2,900.00",80.00,57.00,0.00,['Chain Lift Hill'],118.00,1:30,,60,,,,,,,,
7,Outlaw Run,Silver Dollar City,"Branson, Mo.",Rocky Mountain,2013,2013,Wood,Sit Down,Operating,3/15/2013,Branson,Missouri,United States,Rocky Mountain Construction,"2,937.00",107.00,68.00,3.00,"['Chain Lift Hill', 'Over-Banked Inversion', 'Double Heartline Roll']",162.00,1:27,,81,,,,,,,,
12,Prowler,Worlds of Fun,"Kansas City, Mo.",GCII,2009,2013,Wood,Sit Down,Operating,5/2/2009,Kansas City,Missouri,United States,Great Coasters International,"3,074.00",102.30,51.20,0.00,['Chain Lift Hill'],84.90,2:30,,,,,,,,,,
13,Balder,Liseberg,"Gothenburg, Sweden",Intamin,2003,2013,Wood,Sit Down,Operating,4/12/2003,Gothenburg,Västra Götaland,Sweden,Intamin Amusement Rides,"3,510.50",118.10,55.90,0.00,"['Chain Lift Hill', 'Tunnel', 'Tunnel']",,2:08,,70,,,,,,,,
15,Thunderbolt,Kennywood,"West Mifflin, Pa.",Vettel/Miller,1968,2013,Wood,Sit Down,Operating,5/4/1924,West Mifflin,Pennsylvania,United States,,"3,250.00",70.00,55.00,0.00,['Chain Lift Hill'],90.00,1:41,,,,,,,,,,
18,Jack Rabbit,Kennywood,"West Mifflin, Pa.",PTC – Miller,1920,2013,Wood,Sit Down,Operating,1920,West Mifflin,Pennsylvania,United States,,"2,132.00",40.00,45.00,0.00,"['Chain Lift Hill', 'Double Dip']",70.00,1:36,,45,,,,,,,,
21,Kentucky Rumbler,Beech Bend,"Bowling Green, Ky.",GCII,2006,2013,Wood,Sit Down,Operating,5/6/2006,Bowling Green,Kentucky,United States,Great Coasters International,"2,827.00",96.00,47.30,0.00,['Chain Lift Hill'],80.20,,,,,,,,,,,
22,Giant Dipper,Santa Cruz Beach Boardwalk,"Santa Cruz, Calif.",Prior & Church/Looff,1924,2013,Wood,Sit Down,Operating,5/17/1924,Santa Cruz,California,United States,,"2,640.00",70.00,55.00,0.00,,65.00,1:52,,,,,,,,,,
23,El Toro,Freizeitpark Plohn,"Lengenfeld, Germany",GCII,2009,2013,Wood,Sit Down,Operating,4/10/2009,Lengenfeld,Saxony,Germany,Great Coasters International,"2,379.00",80.50,45.60,0.00,"['Tunnel', 'Tunnel']",70.70,,,,,,,,,,,
25,American Thunder,Six Flags St. Louis,"Eureka, Mo.",GCII,2008,2013,Wood,Sit Down,Operating,6/20/2008,Eureka,Missouri,United States,Great Coasters International,"2,713.00",82.00,48.00,0.00,['Chain Lift Hill'],80.00,,,,,,,,,,,
27,Blue Streak,Cedar Point,"Sandusky, Ohio",PTC – Hoover,1964,2013,Wood,Sit Down,Operating,5/23/1964,Sandusky,Ohio,United States,"Philadelphia Toboggan Coasters, Inc.","2,558.00",78.00,40.00,0.00,['Chain Lift Hill'],72.00,1:45,,45,,,,,,,,
28,Troy,Toverland,"Sevenum, Netherlands",GCII,2007,2013,Wood,Sit Down,Operating,6/29/2007,Sevenum,Limburg,Netherlands,Great Coasters International,"3,534.00",104.50,54.00,0.00,['Chain Lift Hill'],100.70,1:50,2.4,,,,,,,,,
32,Cornball Express,Indiana Beach,"Monticello, Ind.",CCI,2001,2013,Wood,Sit Down,Operating,5/18/2001,Monticello,Indiana,United States,"Custom Coasters International, Inc.","2,100.00",55.00,45.00,0.00,,,,,,,,,,,,,
33,Blue Streak,Conneaut Lake Park,"Conneaut Lake, Pa.",Vettel,1938,2013,Wood,Sit Down,Removed,7/4/1938,Conneaut Lake,Pennsylvania,United States,,"2,900.00",78.00,,0.00,"['Tunnel', 'Chain Lift Hill']",,2:20,,,,,,,,,,
34,Boardwalk Bullet,Kemah Boardwalk,"Kemah, Texas",M&V/Gravity Group,2007,2013,Wood,Sit Down,Operating,8/31/2007,Kemah,Texas,United States,Martin & Vleminckx,"3,236.00",96.00,51.00,0.00,,92.00,,,56,,,,,,,,
35,Racer,Kennywood,"West Mifflin, Pa.",PTC – Miller,1927,2013,Wood,Sit Down,Operating,1927,West Mifflin,Pennsylvania,United States,,"4,500.00",72.50,40.00,0.00,"['Chain Lift Hill', 'Chain Lift Hill']",50.00,1:32,,,,,,,,,,
35,Racer,Kennywood,"West Mifflin, Pa.",PTC – Miller,1927,2013,Wood,Sit Down,Removed,1910,West Mifflin,Pennsylvania,United States,,,,,0.00,,,,,,,,,,,,,
36,Wooden Warrior,Quassy Amusement Park,"Middlebury, Conn.",Gravity Group,2011,2013,Wood,Sit Down,Operating,4/23/2011,Middlebury,Connecticut,United States,,"1,239.00",32.00,35.00,0.00,"['Chain Lift Hill', 'Tunnel']",36.00,,,48.5,,,45,9,,51,,
37,Zippin Pippin,Bay Beach Amusement Park,"Green Bay, Wis.",M&V,2011,2013,Wood,Sit Down,Operating,5/21/2011,Green Bay,Wisconsin,United States,Martin & Vleminckx,"2,347.00",70.00,42.00,0.00,['Chain Lift Hill'],63.00,1:30,,50.6,,,,,,,,
39,Twister,Knoebels Amusement Resort,"Elysburg, Pa.",FettermanKnoebels,1999,2013,Wood,Sit Down,Operating,7/24/1999,Elysburg,Pennsylvania,United States,,"3,900.00",101.60,51.50,0.00,"['Chain Lift Hill', 'Chain Lift Hill']",89.60,2:10,,,,,,,,,,
41,T Express,Everland,"Yonginsi, South Korea",Intamin,2008,2013,Wood,Sit Down,Operating,3/14/2008,Yongin-si,Gyeonggi-do,South Korea,Intamin Amusement Rides,"5,383.80",183.80,64.60,0.00,['Cable Lift Hill'],150.90,,,77,,,,,,,,
43,Great American Scream Machine,Six Flags Over Georgia,"Austell, Ga.",PTC – Allen,1973,2013,Wood,Sit Down,Operating,3/31/1973,Austell,Georgia,United States,"Philadelphia Toboggan Coasters, Inc.","3,450.00",105.00,57.00,0.00,['Chain Lift Hill'],89.00,2:00,,45,,,,,,,,
44,Viper,Six Flags Great America,"Gurnee, Ill.",Starkey – Six Flags,1995,2013,Wood,Sit Down,Operating,4/29/1995,Gurnee,Illinois,United States,,"3,458.00",100.00,50.00,0.00,['Chain Lift Hill'],80.00,1:45,,53,,,,,,,,
46,Twister,Gröna Lund,"Stockholm, Sweden",Gravity Group,2011,2013,Wood,Sit Down,Operating,5/7/2011,Stockholm,Stockholm,Sweden,Gravitykraft Corporation,"1,544.00",51.00,38.00,0.00,['Chain Lift Hill'],46.00,,3,56,,,,,,,,
50,Yankee Cannonball,Canobie Lake Park,"Salem, N.H.",PTC – Schmeck,1936,2013,Wood,Sit Down,Operating,1936,Salem,New Hampshire,United States,"Philadelphia Toboggan Coasters, Inc.","2,000.00",63.50,35.00,0.00,,,,,,,,,,,,,
1,El Toro,Six Flags Great Adventure,"Jackson, N.J.",Intamin,2006,2012,Wood,Sit Down,Operating,6/12/2006,Jackson,New Jersey,United States,Intamin Amusement Rides,"4,400.00",181.00,70.00,0.00,"['Cable Lift Hill', 'Hill', 'Hill', 'Hill']",176.00,1:42,,76,,,,,,,,
3,Phoenix,Knoebels Amusement Resort,"Elysburg, Pa.",Dinn/PTCSchmeck,1985,2012,Wood,Sit Down,Operating,6/15/1985,Elysburg,Pennsylvania,United States,"Philadelphia Toboggan Coasters, Inc.","3,200.00",78.00,45.00,0.00,"['Tunnel', 'Chain Lift Hill']",72.00,2:00,,,,,,,,,,
4,Thunderhead,Dollywood,"Pigeon Forge, Tenn.",GCII,2004,2012,Wood,Sit Down,Operating,4/3/2004,Pigeon Forge,Tennessee,United States,Great Coasters International,"3,230.00",100.40,53.70,0.00,['Chain Lift Hill'],100.00,,,,,,,,,,,
5,Boulder Dash,Lake Compounce,"Bristol, Conn.",CCI,2000,2012,Wood,Sit Down,Operating,5/21/2000,Bristol,Connecticut,United States,"Custom Coasters International, Inc.","4,725.00",,60.00,0.00,,115.00,2:30,,,,,,,,,,
6,Ravine Flyer II,Waldameer,"Erie, Pa.",Gravity Group,2008,2012,Wood,Sit Down,Operating,5/17/2008,Erie,Pennsylvania,United States,,"2,900.00",80.00,57.00,0.00,['Chain Lift Hill'],118.00,1:30,,60,,,,,,,,
10,Balder,Liseberg,"Gothenburg, Sweden",Intamin,2003,2012,Wood,Sit Down,Operating,4/12/2003,Gothenburg,Västra Götaland,Sweden,Intamin Amusement Rides,"3,510.50",118.10,55.90,0.00,"['Chain Lift Hill', 'Tunnel', 'Tunnel']",,2:08,,70,,,,,,,,
13,Prowler,Worlds of Fun,"Kansas City, Mo.",GCII,2009,2012,Wood,Sit Down,Operating,5/2/2009,Kansas City,Missouri,United States,Great Coasters International,"3,074.00",102.30,51.20,0.00,['Chain Lift Hill'],84.90,2:30,,,,,,,,,,
15,Thunderbolt,Kennywood,"West Mifflin, Pa.",Vettel/Miller,1968,2012,Wood,Sit Down,Operating,5/4/1924,West Mifflin,Pennsylvania,United States,,"3,250.00",70.00,55.00,0.00,['Chain Lift Hill'],90.00,1:41,,,,,,,,,,
16,Jack Rabbit,Kennywood,"West Mifflin, Pa.",PTC – Miller,1920,2012,Wood,Sit Down,Operating,1920,West Mifflin,Pennsylvania,United States,,"2,132.00",40.00,45.00,0.00,"['Chain Lift Hill', 'Double Dip']",70.00,1:36,,45,,,,,,,,
17,Giant Dipper,Santa Cruz Beach Boardwalk,"Santa Cruz, Calif.",Prior & Church/Looff,1924,2012,Wood,Sit Down,Operating,5/17/1924,Santa Cruz,California,United States,,"2,640.00",70.00,55.00,0.00,,65.00,1:52,,,,,,,,,,
22,Kentucky Rumbler,Beech Bend,"Bowling Green, Ky.",GCII,2006,2012,Wood,Sit Down,Operating,5/6/2006,Bowling Green,Kentucky,United States,Great Coasters International,"2,827.00",96.00,47.30,0.00,['Chain Lift Hill'],80.20,,,,,,,,,,,
24,Twister,Gröna Lund,"Stockholm, Sweden",Gravity Group,2011,2012,Wood,Sit Down,Operating,5/7/2011,Stockholm,Stockholm,Sweden,Gravitykraft Corporation,"1,544.00",51.00,38.00,0.00,['Chain Lift Hill'],46.00,,3,56,,,,,,,,
25,Troy,Toverland,"Sevenum, the Netherlands",GCII,2007,2012,Wood,Sit Down,Operating,6/29/2007,Sevenum,Limburg,Netherlands,Great Coasters International,"3,534.00",104.50,54.00,0.00,['Chain Lift Hill'],100.70,1:50,2.4,,,,,,,,,
26,Viper,Six Flags Great America,"Gurnee, Ill.",Starkey/Six Flags,1995,2012,Wood,Sit Down,Operating,4/29/1995,Gurnee,Illinois,United States,,"3,458.00",100.00,50.00,0.00,['Chain Lift Hill'],80.00,1:45,,53,,,,,,,,
31,American Thunder,Six Flags St. Louis,"Eureka, Mo.",GCII,2008,2012,Wood,Sit Down,Operating,6/20/2008,Eureka,Missouri,United States,Great Coasters International,"2,713.00",82.00,48.00,0.00,['Chain Lift Hill'],80.00,,,,,,,,,,,
32,Wooden Warrior,Quassy Amusement Park,"Middlebury, Conn.",Gravity Group,2011,2012,Wood,Sit Down,Operating,4/23/2011,Middlebury,Connecticut,United States,,"1,239.00",32.00,35.00,0.00,"['Chain Lift Hill', 'Tunnel']",36.00,,,48.5,,,45,9,,51,,
33,Twister,Knoebels Amusement Resort,"Elysburg, Pa.",FettermanKnoebels,1999,2012,Wood,Sit Down,Operating,7/24/1999,Elysburg,Pennsylvania,United States,,"3,900.00",101.60,51.50,0.00,"['Chain Lift Hill', 'Chain Lift Hill']",89.60,2:10,,,,,,,,,,
34,El Toro,Freizeitpark Plohn,"Lengenfeld, Germany",GCII,2009,2012,Wood,Sit Down,Operating,4/10/2009,Lengenfeld,Saxony,Germany,Great Coasters International,"2,379.00",80.50,45.60,0.00,"['Tunnel', 'Tunnel']",70.70,,,,,,,,,,,
38,Blue Streak,Cedar Point,"Sandusky, Ohio",PTC – Hoover,1964,2012,Wood,Sit Down,Operating,5/23/1964,Sandusky,Ohio,United States,"Philadelphia Toboggan Coasters, Inc.","2,558.00",78.00,40.00,0.00,['Chain Lift Hill'],72.00,1:45,,45,,,,,,,,
39,Boardwalk Bullet,Kemah Boardwalk,"Kemah, Texas",M&V/Gravity Group,2007,2012,Wood,Sit Down,Operating,8/31/2007,Kemah,Texas,United States,Martin & Vleminckx,"3,236.00",96.00,51.00,0.00,,92.00,,,56,,,,,,,,
39,Cornball Express,Indiana Beach,"Monticello, Ind.",CCI,2001,2012,Wood,Sit Down,Operating,5/18/2001,Monticello,Indiana,United States,"Custom Coasters International, Inc.","2,100.00",55.00,45.00,0.00,,,,,,,,,,,,,
42,Racer,Kennywood,"West Mifflin, Pa.",PTC – Miller,1927,2012,Wood,Sit Down,Operating,1927,West Mifflin,Pennsylvania,United States,,"4,500.00",72.50,40.00,0.00,"['Chain Lift Hill', 'Chain Lift Hill']",50.00,1:32,,,,,,,,,,
42,Racer,Kennywood,"West Mifflin, Pa.",PTC – Miller,1927,2012,Wood,Sit Down,Removed,1910,West Mifflin,Pennsylvania,United States,,,,,0.00,,,,,,,,,,,,,
44,Blue Streak,Conneaut Lake Park,"Conneaut Lake, Pa.",Vettel,1938,2012,Wood,Sit Down,Removed,7/4/1938,Conneaut Lake,Pennsylvania,United States,,"2,900.00",78.00,,0.00,"['Tunnel', 'Chain Lift Hill']",,2:20,,,,,,,,,,
45,Mean Streak,Cedar Point,"Sandusky, Ohio",DinnSummers,1991,2012,Wood,Sit Down,Removed,5/11/1991,Sandusky,Ohio,United States,Dinn Corporation,"5,427.00",161.00,65.00,0.00,['Chain Lift Hill'],155.00,3:13,,52,,,,,,,,
46,T Express,Everland,"Yonjinsi, South Korea",Intamin,2008,2012,Wood,Sit Down,Operating,3/14/2008,Yongin-si,Gyeonggi-do,South Korea,Intamin Amusement Rides,"5,383.80",183.80,64.60,0.00,['Cable Lift Hill'],150.90,,,77,,,,,,,,
48,Great American Scream Machine,Six Flags Over Georgia,"Austell, Ga.",PTC – Allen,1973,2012,Wood,Sit Down,Operating,3/31/1973,Austell,Georgia,United States,"Philadelphia Toboggan Coasters, Inc.","3,450.00",105.00,57.00,0.00,['Chain Lift Hill'],89.00,2:00,,45,,,,,,,,
50,Renegade,Valleyfair!,"Shakopee, Minn.",GCII,2007,2012,Wood,Sit Down,Operating,5/12/2007,Shakopee,Minnesota,United States,Great Coasters International,"3,113.00",97.50,51.30,0.00,['Chain Lift Hill'],91.40,2:00,,,,,,,,,,
2,Phoenix,Knoebels Amusement Resort,"Elysburg, Pa.",Dinn/PTCSchmeck,1985,2011,Wood,Sit Down,Operating,6/15/1985,Elysburg,Pennsylvania,United States,"Philadelphia Toboggan Coasters, Inc.","3,200.00",78.00,45.00,0.00,"['Tunnel', 'Chain Lift Hill']",72.00,2:00,,,,,,,,,,
3,El Toro,Six Flags Great Adventure,"Jackson, N.J.",Intamin,2006,2011,Wood,Sit Down,Operating,6/12/2006,Jackson,New Jersey,United States,Intamin Amusement Rides,"4,400.00",181.00,70.00,0.00,"['Cable Lift Hill', 'Hill', 'Hill', 'Hill']",176.00,1:42,,76,,,,,,,,
4,Boulder Dash,Lake Compounce,"Bristol, Conn.",CCI,2000,2011,Wood,Sit Down,Operating,5/21/2000,Bristol,Connecticut,United States,"Custom Coasters International, Inc.","4,725.00",,60.00,0.00,,115.00,2:30,,,,,,,,,,
5,Thunderhead,Dollywood,"Pigeon Forge, Tenn.",GCII,2004,2011,Wood,Sit Down,Operating,4/3/2004,Pigeon Forge,Tennessee,United States,Great Coasters International,"3,230.00",100.40,53.70,0.00,['Chain Lift Hill'],100.00,,,,,,,,,,,
6,Ravine Flyer II,Waldameer,"Erie, Pa.",Gravity Group,2008,2011,Wood,Sit Down,Operating,5/17/2008,Erie,Pennsylvania,United States,,"2,900.00",80.00,57.00,0.00,['Chain Lift Hill'],118.00,1:30,,60,,,,,,,,
10,Prowler,Worlds of Fun,"Kansas City, Mo.",GCII,2009,2011,Wood,Sit Down,Operating,5/2/2009,Kansas City,Missouri,United States,Great Coasters International,"3,074.00",102.30,51.20,0.00,['Chain Lift Hill'],84.90,2:30,,,,,,,,,,
13,Balder,Liseberg,"Gothenburg, Sweden",Intamin,2003,2011,Wood,Sit Down,Operating,4/12/2003,Gothenburg,Västra Götaland,Sweden,Intamin Amusement Rides,"3,510.50",118.10,55.90,0.00,"['Chain Lift Hill', 'Tunnel', 'Tunnel']",,2:08,,70,,,,,,,,
14,Thunderbolt,Kennywood,"West Mifflin, Pa.",Vettel/Miller,1968,2011,Wood,Sit Down,Operating,5/4/1924,West Mifflin,Pennsylvania,United States,,"3,250.00",70.00,55.00,0.00,['Chain Lift Hill'],90.00,1:41,,,,,,,,,,
16,Kentucky Rumbler,Beech Bend,"Bowling Green, Ky.",GCII,2006,2011,Wood,Sit Down,Operating,5/6/2006,Bowling Green,Kentucky,United States,Great Coasters International,"2,827.00",96.00,47.30,0.00,['Chain Lift Hill'],80.20,,,,,,,,,,,
17,Boardwalk Bullet,Kemah Boardwalk,"Kemah, Texas",M&V/Gravity Group,2007,2011,Wood,Sit Down,Operating,8/31/2007,Kemah,Texas,United States,Martin & Vleminckx,"3,236.00",96.00,51.00,0.00,,92.00,,,56,,,,,,,,
20,Megafobia,Oakwood Theme Park,"Pembrokshire, Wales",CCI,1996,2011,Wood,Sit Down,Operating,1996,Pembrokeshire,Wales,United Kingdom,"Custom Coasters International, Inc.","2,956.00",85.00,48.00,0.00,,,,,,,,,,,,,
20,Twister,Knoebels Amusement Resort,"Elysburg, Pa.",FettermanKnoebels,1999,2011,Wood,Sit Down,Operating,7/24/1999,Elysburg,Pennsylvania,United States,,"3,900.00",101.60,51.50,0.00,"['Chain Lift Hill', 'Chain Lift Hill']",89.60,2:10,,,,,,,,,,
22,American Thunder,Six Flags St. Louis,"Eureka, Mo.",GCII,2008,2011,Wood,Sit Down,Operating,6/20/2008,Eureka,Missouri,United States,Great Coasters International,"2,713.00",82.00,48.00,0.00,['Chain Lift Hill'],80.00,,,,,,,,,,,
23,Jack Rabbit,Kennywood,"West Mifflin, Pa.",PTC – Miller,1920,2011,Wood,Sit Down,Operating,1920,West Mifflin,Pennsylvania,United States,,"2,132.00",40.00,45.00,0.00,"['Chain Lift Hill', 'Double Dip']",70.00,1:36,,45,,,,,,,,
24,Cornball Express,Indiana Beach,"Monticello, Ind.",CCI,2004,2011,Wood,Sit Down,Operating,5/18/2001,Monticello,Indiana,United States,"Custom Coasters International, Inc.","2,100.00",55.00,45.00,0.00,,,,,,,,,,,,,
28,Giant Dipper,Santa Cruz Beach Boardwalk,"Santa Cruz, Calif.",Prior & Church/Looff,1924,2011,Wood,Sit Down,Operating,5/17/1924,Santa Cruz,California,United States,,"2,640.00",70.00,55.00,0.00,,65.00,1:52,,,,,,,,,,
33,Troy,Toverland,"Sevenum, The Netherlands",GCII,2007,2011,Wood,Sit Down,Operating,6/29/2007,Sevenum,Limburg,Netherlands,Great Coasters International,"3,534.00",104.50,54.00,0.00,['Chain Lift Hill'],100.70,1:50,2.4,,,,,,,,,
35,El Toro,Freizeitpark Plohn,"Lengenfeld, Germany",GCII,2009,2011,Wood,Sit Down,Operating,4/10/2009,Lengenfeld,Saxony,Germany,Great Coasters International,"2,379.00",80.50,45.60,0.00,"['Tunnel', 'Tunnel']",70.70,,,,,,,,,,,
36,Twister,Gröna Lund,"Stockholm, Sweden",Gravity Group,2011,2011,Wood,Sit Down,Operating,5/7/2011,Stockholm,Stockholm,Sweden,Gravitykraft Corporation,"1,544.00",51.00,38.00,0.00,['Chain Lift Hill'],46.00,,3,56,,,,,,,,
39,T Express,Everland,"Yonginsi, South Korea",Intamin,2008,2011,Wood,Sit Down,Operating,3/14/2008,Yongin-si,Gyeonggi-do,South Korea,Intamin Amusement Rides,"5,383.80",183.80,64.60,0.00,['Cable Lift Hill'],150.90,,,77,,,,,,,,
40,Wooden Warrior,Quassy Amusement Park,"Middlebury, Conn.",Gravity Group,2011,2011,Wood,Sit Down,Operating,4/23/2011,Middlebury,Connecticut,United States,,"1,239.00",32.00,35.00,0.00,"['Chain Lift Hill', 'Tunnel']",36.00,,,48.5,,,45,9,,51,,
41,Viper,Six Flags Great America,"Gurnee, Ill.",Starkey/Six Flags,1995,2011,Wood,Sit Down,Operating,4/29/1995,Gurnee,Illinois,United States,,"3,458.00",100.00,50.00,0.00,['Chain Lift Hill'],80.00,1:45,,53,,,,,,,,
43,Racer,Kennywood,"West Mifflin, Pa.",Miller,1927,2011,Wood,Sit Down,Operating,1927,West Mifflin,Pennsylvania,United States,,"4,500.00",72.50,40.00,0.00,"['Chain Lift Hill', 'Chain Lift Hill']",50.00,1:32,,,,,,,,,,
43,Racer,Kennywood,"West Mifflin, Pa.",Miller,1927,2011,Wood,Sit Down,Removed,1910,West Mifflin,Pennsylvania,United States,,,,,0.00,,,,,,,,,,,,,
44,Zippin Pippin,Bay Beach Amusement Park,"Green Bay, Wis.",M&V/Gravity Group,2011,2011,Wood,Sit Down,Operating,5/21/2011,Green Bay,Wisconsin,United States,Martin & Vleminckx,"2,347.00",70.00,42.00,0.00,['Chain Lift Hill'],63.00,1:30,,50.6,,,,,,,,
46,Blue Streak,Conneaut Lake Park,"Conneaut Lake, Pa.",Vettel,1938,2011,Wood,Sit Down,Removed,7/4/1938,Conneaut Lake,Pennsylvania,United States,,"2,900.00",78.00,,0.00,"['Tunnel', 'Chain Lift Hill']",,2:20,,,,,,,,,,
47,Rattler,Six Flags Fiesta Texas,"San Antonio, Texas",Pierce,1992,2011,Wood,Sit Down,Removed,3/14/1992,San Antonio,Texas,United States,Roller Coaster Corporation of America,"5,080.00",179.70,65.00,0.00,"['Chain Lift Hill', 'Tunnel']",124.00,,,61.4,,,,,,,,
48,Rutschebanen,Tivoli Gardens,"Copenhagen, Denmark",unknown,ca. 1915,2011,Wood,Sit Down,Operating,1914,Copenhagen,Hovedstaden,Denmark,L.A. Thompson Scenic Railway Company,"2,362.20",39.40,37.30,0.00,,,2:10,,,,,42.3,,,,,
48,Rutschebanen,Tivoli Gardens,"Copenhagen, Denmark",unknown,ca. 1915,2011,Wood,Sit Down,Removed,1902,Copenhagen,Hovedstaden,Denmark,,,,,0.00,,,,,,,,,,,,,
48,Rutschebanen,Tivoli Gardens,"Copenhagen, Denmark",unknown,ca. 1915,2011,Wood,Sit Down,Removed,1887,Copenhagen,Hovedstaden,Denmark,,,,,0.00,,,,,,,,,,,,,
48,Rutschebanen,Tivoli Gardens,"Copenhagen, Denmark",unknown,ca. 1915,2011,Wood,Sit Down,Removed,1843,Copenhagen,Hovedstaden,Denmark,,,,,0.00,,,,,,,,,,,,,
49,Blue Streak,Cedar Point,"Sandusky, Ohio",PTCHoover,1964,2011,Wood,Sit Down,Operating,5/23/1964,Sandusky,Ohio,United States,"Philadelphia Toboggan Coasters, Inc.","2,558.00",78.00,40.00,0.00,['Chain Lift Hill'],72.00,1:45,,45,,,,,,,,
2,El Toro,Six Flags Great Adventure,"Jackson, N.J.",Intamin,2006,2010,Wood,Sit Down,Operating,6/12/2006,Jackson,New Jersey,United States,Intamin Amusement Rides,"4,400.00",181.00,70.00,0.00,"['Cable Lift Hill', 'Hill', 'Hill', 'Hill']",176.00,1:42,,76,,,,,,,,
3,Phoenix,Knoebels Amusement Resort,"Elysburg, Pa.",Dinn/PTCSchmeck,1985,2010,Wood,Sit Down,Operating,6/15/1985,Elysburg,Pennsylvania,United States,"Philadelphia Toboggan Coasters, Inc.","3,200.00",78.00,45.00,0.00,"['Tunnel', 'Chain Lift Hill']",72.00,2:00,,,,,,,,,,
4,Boulder Dash,Lake Compounce,"Bristol, Conn.",CCI,2000,2010,Wood,Sit Down,Operating,5/21/2000,Bristol,Connecticut,United States,"Custom Coasters International, Inc.","4,725.00",,60.00,0.00,,115.00,2:30,,,,,,,,,,
5,Thunderhead,Dollywood,"Pigeon Forge, Tenn.",GCII,2004,2010,Wood,Sit Down,Operating,4/3/2004,Pigeon Forge,Tennessee,United States,Great Coasters International,"3,230.00",100.40,53.70,0.00,['Chain Lift Hill'],100.00,,,,,,,,,,,
6,Ravine Flyer II,Waldameer,"Erie, Pa.",Gravity Group,2008,2010,Wood,Sit Down,Operating,5/17/2008,Erie,Pennsylvania,United States,,"2,900.00",80.00,57.00,0.00,['Chain Lift Hill'],118.00,1:30,,60,,,,,,,,
12,Prowler,Worlds of Fun,"Kansas City, Mo.",GCII,2009,2010,Wood,Sit Down,Operating,5/2/2009,Kansas City,Missouri,United States,Great Coasters International,"3,074.00",102.30,51.20,0.00,['Chain Lift Hill'],84.90,2:30,,,,,,,,,,
14,Thunderbolt,Kennywood,"West Mifflin, Pa.",Vettel/Miller,1968,2010,Wood,Sit Down,Operating,5/4/1924,West Mifflin,Pennsylvania,United States,,"3,250.00",70.00,55.00,0.00,['Chain Lift Hill'],90.00,1:41,,,,,,,,,,
16,Kentucky Rumbler,Beech Bend,"Bowling Green, Ky.",GCII,2006,2010,Wood,Sit Down,Operating,5/6/2006,Bowling Green,Kentucky,United States,Great Coasters International,"2,827.00",96.00,47.30,0.00,['Chain Lift Hill'],80.20,,,,,,,,,,,
20,Jack Rabbit,Kennywood,"West Mifflin, Pa.",PTC – Miller,1921,2010,Wood,Sit Down,Operating,1920,West Mifflin,Pennsylvania,United States,,"2,132.00",40.00,45.00,0.00,"['Chain Lift Hill', 'Double Dip']",70.00,1:36,,45,,,,,,,,
21,Balder,Liseberg,"Stockholm, Sweden",Intamin,2003,2010,Wood,Sit Down,Operating,4/12/2003,Gothenburg,Västra Götaland,Sweden,Intamin Amusement Rides,"3,510.50",118.10,55.90,0.00,"['Chain Lift Hill', 'Tunnel', 'Tunnel']",,2:08,,70,,,,,,,,
22,Giant Dipper,Santa Cruz Beach Boardwalk,"Santa Cruz, Calif.",Prior & Church/Looff,1924,2010,Wood,Sit Down,Operating,5/17/1924,Santa Cruz,California,United States,,"2,640.00",70.00,55.00,0.00,,65.00,1:52,,,,,,,,,,
29,Cornball Express,Indiana Beach,"Monticello, Ind.",CCI,2001,2010,Wood,Sit Down,Operating,5/18/2001,Monticello,Indiana,United States,"Custom Coasters International, Inc.","2,100.00",55.00,45.00,0.00,,,,,,,,,,,,,
32,Twister,Knoebels Amusement Resort,"Elysburg, Pa.",Fetterman/Knoebels,1999,2010,Wood,Sit Down,Operating,7/24/1999,Elysburg,Pennsylvania,United States,,"3,900.00",101.60,51.50,0.00,"['Chain Lift Hill', 'Chain Lift Hill']",89.60,2:10,,,,,,,,,,
34,Viper,Six Flags Great America,"Gurnee, Ill.",Starkey/Six Flags,1995,2010,Wood,Sit Down,Operating,4/29/1995,Gurnee,Illinois,United States,,"3,458.00",100.00,50.00,0.00,['Chain Lift Hill'],80.00,1:45,,53,,,,,,,,
35,Racer,Kennywood,"West Mifflin, Pa.",PTCMiller,1927,2010,Wood,Sit Down,Operating,1927,West Mifflin,Pennsylvania,United States,,"4,500.00",72.50,40.00,0.00,"['Chain Lift Hill', 'Chain Lift Hill']",50.00,1:32,,,,,,,,,,
35,Racer,Kennywood,"West Mifflin, Pa.",PTCMiller,1927,2010,Wood,Sit Down,Removed,1910,West Mifflin,Pennsylvania,United States,,,,,0.00,,,,,,,,,,,,,
36,T Express,Everland,"Yonginsi, South Korea",Intamin,2008,2010,Wood,Sit Down,Operating,3/14/2008,Yongin-si,Gyeonggi-do,South Korea,Intamin Amusement Rides,"5,383.80",183.80,64.60,0.00,['Cable Lift Hill'],150.90,,,77,,,,,,,,
37,Thunderbird,PowerPark,"Alaharma, Finland",GCII,2006,2010,Wood,Sit Down,Operating,4/29/2006,Kauhava,Southern Ostrobothnia,Finland,Great Coasters International,"2,713.00",82.00,48.00,0.00,['Chain Lift Hill'],80.00,1:33,,,,,,,,,,
38,Boardwalk Bullet,Kemah Boardwalk,"Kemah, Texas",M&V/Gravity Group,2007,2010,Wood,Sit Down,Operating,8/31/2007,Kemah,Texas,United States,Martin & Vleminckx,"3,236.00",96.00,51.00,0.00,,92.00,,,56,,,,,,,,
41,Troy,Toverland,"Sevenum, The Netherlands",GCII,2007,2010,Wood,Sit Down,Operating,6/29/2007,Sevenum,Limburg,Netherlands,Great Coasters International,"3,534.00",104.50,54.00,0.00,['Chain Lift Hill'],100.70,1:50,2.4,,,,,,,,,
42,Aska,Nara Dreamland,"Nara, Japan",Intamin,1998,2010,Wood,Sit Down,Removed,1998,Nara,Nara,Japan,Intamin Amusement Rides,"3,547.90",98.40,49.70,0.00,['Chain Lift Hill'],,1:45,2.8,50,,,,,,,,
42,Renegade,Valleyfair!,"Shakopee, Minn.",GCII,2007,2010,Wood,Sit Down,Operating,5/12/2007,Shakopee,Minnesota,United States,Great Coasters International,"3,113.00",97.50,51.30,0.00,['Chain Lift Hill'],91.40,2:00,,,,,,,,,,
45,Grizzly,Kings Dominion,"Doswell, Va.",KECOSummers,1982,2010,Wood,Sit Down,Operating,3/27/1982,Doswell,Virginia,United States,,"3,150.00",87.00,,0.00,['Chain Lift Hill'],,2:30,,,,,,,,,,
47,Blue Streak,Cedar Point,"Sandusky, Ohio",PTCHoover,1964,2010,Wood,Sit Down,Operating,5/23/1964,Sandusky,Ohio,United States,"Philadelphia Toboggan Coasters, Inc.","2,558.00",78.00,40.00,0.00,['Chain Lift Hill'],72.00,1:45,,45,,,,,,,,
47,Georgia Cyclone,Six Flags Over Georgia,"Atlanta, Ga.",DinnSummers,1990,2010,Wood,Sit Down,Removed,Mar-90,Austell,Georgia,United States,Dinn Corporation,"2,970.00",95.00,50.00,0.00,['Chain Lift Hill'],78.50,1:48,,53,,,,,,,,
49,Giant Dipper,Belmont Park,"San Diego, Calif.",Prior & Church,1925,2010,Wood,Sit Down,Operating,7/4/1925,San Diego,California,United States,,"2,600.00",73.00,55.00,0.00,,,,,,,,,,,,,